host,port,protocol,source
1.0.136.129,8080,http,https://raw.githubusercontent.com/ErcinDedeoglu/proxies/main/proxies/http.txt
101.251.204.174,8080,http,https://raw.githubusercontent.com/ErcinDedeoglu/proxies/main/proxies/http.txt
101.47.17.165,7890,http,https://raw.githubusercontent.com/ErcinDedeoglu/proxies/main/proxies/http.txt
103.106.78.178,7979,http,https://raw.githubusercontent.com/Firmfox/Proxify/main/proxies/http.txt
103.112.45.43,8085,http,https://raw.githubusercontent.com/Firmfox/Proxify/main/proxies/http.txt
103.133.27.229,8080,http,https://raw.githubusercontent.com/ErcinDedeoglu/proxies/main/proxies/http.txt
103.14.150.22,8080,http,https://raw.githubusercontent.com/ErcinDedeoglu/proxies/main/proxies/http.txt
103.145.46.79,1452,http,https://raw.githubusercontent.com/ErcinDedeoglu/proxies/main/proxies/http.txt
103.153.38.105,8083,http,https://raw.githubusercontent.com/ErcinDedeoglu/proxies/main/proxies/http.txt
103.154.230.88,8090,http,https://raw.githubusercontent.com/ErcinDedeoglu/proxies/main/proxies/http.txt
103.154.230.92,8090,http,https://raw.githubusercontent.com/ErcinDedeoglu/proxies/main/proxies/http.txt
103.168.148.129,8080,http,https://raw.githubusercontent.com/ErcinDedeoglu/proxies/main/proxies/http.txt
103.168.44.93,8088,http,https://raw.githubusercontent.com/ErcinDedeoglu/proxies/main/proxies/http.txt
103.178.86.10,8080,http,https://raw.githubusercontent.com/ErcinDedeoglu/proxies/main/proxies/http.txt
103.183.10.24,3125,http,https://raw.githubusercontent.com/MuRongPIG/Proxy-Master/main/http.txt
103.231.236.227,8182,http,https://raw.githubusercontent.com/ErcinDedeoglu/proxies/main/proxies/http.txt
103.35.188.243,3128,http,https://raw.githubusercontent.com/ErcinDedeoglu/proxies/main/proxies/http.txt
103.39.51.207,8080,http,https://raw.githubusercontent.com/MuRongPIG/Proxy-Master/main/http.txt
103.82.23.118,5198,http,https://raw.githubusercontent.com/ErcinDedeoglu/proxies/main/proxies/http.txt
108.181.0.167,3128,http,https://raw.githubusercontent.com/ErcinDedeoglu/proxies/main/proxies/http.txt
111.79.111.126,3128,http,https://raw.githubusercontent.com/ErcinDedeoglu/proxies/main/proxies/http.txt
112.199.40.53,8080,http,https://raw.githubusercontent.com/ErcinDedeoglu/proxies/main/proxies/http.txt
113.192.30.243,1111,http,https://raw.githubusercontent.com/ErcinDedeoglu/proxies/main/proxies/http.txt
114.55.238.182,9999,http,https://raw.githubusercontent.com/ErcinDedeoglu/proxies/main/proxies/http.txt
115.114.77.133,9090,http,https://raw.githubusercontent.com/ErcinDedeoglu/proxies/main/proxies/http.txt
119.245.81.208,8080,http,https://raw.githubusercontent.com/ErcinDedeoglu/proxies/main/proxies/http.txt
120.240.110.145,22222,http,https://raw.githubusercontent.com/ErcinDedeoglu/proxies/main/proxies/http.txt
120.28.212.240,5050,http,https://raw.githubusercontent.com/ErcinDedeoglu/proxies/main/proxies/http.txt
120.28.214.157,8080,http,https://raw.githubusercontent.com/ErcinDedeoglu/proxies/main/proxies/http.txt
120.89.91.194,8085,http,https://raw.githubusercontent.com/ErcinDedeoglu/proxies/main/proxies/http.txt
120.92.212.16,7890,http,https://raw.githubusercontent.com/ErcinDedeoglu/proxies/main/proxies/http.txt
121.101.133.20,8080,http,https://raw.githubusercontent.com/ErcinDedeoglu/proxies/main/proxies/http.txt
122.53.33.216,8082,http,https://raw.githubusercontent.com/ErcinDedeoglu/proxies/main/proxies/http.txt
124.77.213.106,1082,http,https://raw.githubusercontent.com/ErcinDedeoglu/proxies/main/proxies/http.txt
128.199.113.85,9090,http,https://raw.githubusercontent.com/MuRongPIG/Proxy-Master/main/http.txt
128.199.114.189,9090,http,https://raw.githubusercontent.com/MuRongPIG/Proxy-Master/main/http.txt
128.199.116.219,9090,http,https://raw.githubusercontent.com/MuRongPIG/Proxy-Master/main/http.txt
128.199.120.45,9090,http,https://raw.githubusercontent.com/MuRongPIG/Proxy-Master/main/http.txt
128.199.121.61,9090,http,https://raw.githubusercontent.com/MuRongPIG/Proxy-Master/main/http.txt
128.199.202.122,80,http,https://raw.githubusercontent.com/ErcinDedeoglu/proxies/main/proxies/http.txt
13.60.218.140,46635,http,https://raw.githubusercontent.com/ErcinDedeoglu/proxies/main/proxies/http.txt
134.17.6.31,3128,http,https://raw.githubusercontent.com/ErcinDedeoglu/proxies/main/proxies/http.txt
134.209.29.120,80,http,https://raw.githubusercontent.com/vakhov/fresh-proxy-list/master/http.txt
134.209.29.120,8080,http,https://raw.githubusercontent.com/ErcinDedeoglu/proxies/main/proxies/http.txt
136.112.110.16,8888,http,https://raw.githubusercontent.com/ErcinDedeoglu/proxies/main/proxies/http.txt
138.68.60.8,3128,http,https://raw.githubusercontent.com/ErcinDedeoglu/proxies/main/proxies/http.txt
138.68.60.8,80,http,https://raw.githubusercontent.com/ErcinDedeoglu/proxies/main/proxies/http.txt
138.68.60.8,8080,http,https://raw.githubusercontent.com/vakhov/fresh-proxy-list/master/http.txt
139.159.99.242,8080,http,https://raw.githubusercontent.com/ErcinDedeoglu/proxies/main/proxies/http.txt
139.162.78.109,3128,http,https://raw.githubusercontent.com/ErcinDedeoglu/proxies/main/proxies/http.txt
139.162.78.109,8080,http,https://raw.githubusercontent.com/ErcinDedeoglu/proxies/main/proxies/http.txt
139.59.1.14,3128,http,https://raw.githubusercontent.com/ErcinDedeoglu/proxies/main/proxies/http.txt
139.59.1.14,8080,http,https://raw.githubusercontent.com/ErcinDedeoglu/proxies/main/proxies/http.txt
14.143.222.113,10154,http,https://raw.githubusercontent.com/ErcinDedeoglu/proxies/main/proxies/http.txt
14.143.222.113,10155,http,https://raw.githubusercontent.com/ErcinDedeoglu/proxies/main/proxies/http.txt
140.227.61.201,3128,http,https://raw.githubusercontent.com/ErcinDedeoglu/proxies/main/proxies/http.txt
144.125.164.158,8080,http,https://raw.githubusercontent.com/ErcinDedeoglu/proxies/main/proxies/http.txt
144.125.164.158,8081,http,https://raw.githubusercontent.com/ErcinDedeoglu/proxies/main/proxies/http.txt
147.83.77.10,3128,http,https://raw.githubusercontent.com/ErcinDedeoglu/proxies/main/proxies/http.txt
148.224.58.230,8080,http,https://raw.githubusercontent.com/ErcinDedeoglu/proxies/main/proxies/http.txt
150.136.153.231,80,http,https://raw.githubusercontent.com/ErcinDedeoglu/proxies/main/proxies/http.txt
152.26.229.52,9443,http,https://raw.githubusercontent.com/ErcinDedeoglu/proxies/main/proxies/http.txt
152.42.170.187,9090,http,https://raw.githubusercontent.com/MuRongPIG/Proxy-Master/main/http.txt
154.127.219.242,999,http,https://raw.githubusercontent.com/ErcinDedeoglu/proxies/main/proxies/http.txt
154.236.177.103,1976,http,https://raw.githubusercontent.com/ErcinDedeoglu/proxies/main/proxies/http.txt
154.236.177.103,1977,http,https://raw.githubusercontent.com/ErcinDedeoglu/proxies/main/proxies/http.txt
154.3.236.202,3128,http,https://raw.githubusercontent.com/ErcinDedeoglu/proxies/main/proxies/http.txt
157.20.144.195,8089,http,https://raw.githubusercontent.com/ErcinDedeoglu/proxies/main/proxies/http.txt
157.66.16.36,5568,http,https://raw.githubusercontent.com/ErcinDedeoglu/proxies/main/proxies/http.txt
157.66.50.61,8080,http,https://raw.githubusercontent.com/ErcinDedeoglu/proxies/main/proxies/http.txt
16.24.67.186,8182,http,https://raw.githubusercontent.com/ErcinDedeoglu/proxies/main/proxies/http.txt
16.26.54.32,45886,http,https://raw.githubusercontent.com/ErcinDedeoglu/proxies/main/proxies/http.txt
160.20.55.235,8080,http,https://raw.githubusercontent.com/ErcinDedeoglu/proxies/main/proxies/http.txt
161.35.70.249,80,http,https://raw.githubusercontent.com/vakhov/fresh-proxy-list/master/http.txt
162.240.154.26,3128,http,https://raw.githubusercontent.com/ErcinDedeoglu/proxies/main/proxies/http.txt
163.227.186.101,3128,http,https://raw.githubusercontent.com/Firmfox/Proxify/main/proxies/http.txt
164.163.40.1,10000,http,https://raw.githubusercontent.com/ErcinDedeoglu/proxies/main/proxies/http.txt
164.163.40.16,10000,http,https://raw.githubusercontent.com/MuRongPIG/Proxy-Master/main/http.txt
164.163.42.1,10000,http,https://raw.githubusercontent.com/MuRongPIG/Proxy-Master/main/http.txt
164.163.42.10,10000,http,https://raw.githubusercontent.com/MuRongPIG/Proxy-Master/main/http.txt
164.163.42.11,10000,http,https://raw.githubusercontent.com/MuRongPIG/Proxy-Master/main/http.txt
164.163.42.12,10000,http,https://raw.githubusercontent.com/MuRongPIG/Proxy-Master/main/http.txt
164.163.42.13,10000,http,https://raw.githubusercontent.com/MuRongPIG/Proxy-Master/main/http.txt
164.163.42.17,10000,http,https://raw.githubusercontent.com/ErcinDedeoglu/proxies/main/proxies/http.txt
164.163.42.18,10000,http,https://raw.githubusercontent.com/MuRongPIG/Proxy-Master/main/http.txt
164.163.42.19,10000,http,https://raw.githubusercontent.com/MuRongPIG/Proxy-Master/main/http.txt
164.163.42.2,10000,http,https://raw.githubusercontent.com/ErcinDedeoglu/proxies/main/proxies/http.txt
164.163.42.20,10000,http,https://raw.githubusercontent.com/MuRongPIG/Proxy-Master/main/http.txt
164.163.42.24,10000,http,https://raw.githubusercontent.com/MuRongPIG/Proxy-Master/main/http.txt
164.163.42.26,10000,http,https://raw.githubusercontent.com/ErcinDedeoglu/proxies/main/proxies/http.txt
164.163.42.27,10000,http,https://raw.githubusercontent.com/MuRongPIG/Proxy-Master/main/http.txt
164.163.42.3,10000,http,https://raw.githubusercontent.com/MuRongPIG/Proxy-Master/main/http.txt
164.163.42.30,10000,http,https://raw.githubusercontent.com/MuRongPIG/Proxy-Master/main/http.txt
164.163.42.34,10000,http,https://raw.githubusercontent.com/MuRongPIG/Proxy-Master/main/http.txt
164.163.42.36,10000,http,https://raw.githubusercontent.com/MuRongPIG/Proxy-Master/main/http.txt
164.163.42.39,10000,http,https://raw.githubusercontent.com/MuRongPIG/Proxy-Master/main/http.txt
164.163.42.4,10000,http,https://raw.githubusercontent.com/MuRongPIG/Proxy-Master/main/http.txt
164.163.42.5,10000,http,https://raw.githubusercontent.com/MuRongPIG/Proxy-Master/main/http.txt
164.163.42.6,10000,http,https://raw.githubusercontent.com/MuRongPIG/Proxy-Master/main/http.txt
164.163.42.7,10000,http,https://raw.githubusercontent.com/MuRongPIG/Proxy-Master/main/http.txt
164.163.42.8,10000,http,https://raw.githubusercontent.com/MuRongPIG/Proxy-Master/main/http.txt
164.163.42.9,10000,http,https://raw.githubusercontent.com/MuRongPIG/Proxy-Master/main/http.txt
164.163.43.102,10000,http,https://raw.githubusercontent.com/ErcinDedeoglu/proxies/main/proxies/http.txt
167.172.253.162,4857,http,https://raw.githubusercontent.com/ErcinDedeoglu/proxies/main/proxies/http.txt
168.195.177.10,3128,http,https://raw.githubusercontent.com/ErcinDedeoglu/proxies/main/proxies/http.txt
170.84.147.129,8087,http,https://raw.githubusercontent.com/ErcinDedeoglu/proxies/main/proxies/http.txt
171.100.254.137,8080,http,https://raw.githubusercontent.com/ClearProxy/checked-proxy-list/refs/heads/main/http/raw/all.txt
171.4.1.165,8080,http,https://raw.githubusercontent.com/ErcinDedeoglu/proxies/main/proxies/http.txt
175.99.220.171,80,http,https://raw.githubusercontent.com/ErcinDedeoglu/proxies/main/proxies/http.txt
176.124.219.49,3128,http,https://raw.githubusercontent.com/ErcinDedeoglu/proxies/main/proxies/http.txt
176.126.103.194,44214,http,https://raw.githubusercontent.com/ErcinDedeoglu/proxies/main/proxies/http.txt
176.236.227.106,8080,http,https://raw.githubusercontent.com/ErcinDedeoglu/proxies/main/proxies/http.txt
177.234.226.83,1994,http,https://raw.githubusercontent.com/ErcinDedeoglu/proxies/main/proxies/http.txt
18.163.3.251,112,http,https://raw.githubusercontent.com/ErcinDedeoglu/proxies/main/proxies/http.txt
180.211.177.206,58080,http,https://raw.githubusercontent.com/ErcinDedeoglu/proxies/main/proxies/http.txt
181.143.181.35,8080,http,https://raw.githubusercontent.com/ErcinDedeoglu/proxies/main/proxies/http.txt
181.209.82.205,999,http,https://raw.githubusercontent.com/ErcinDedeoglu/proxies/main/proxies/http.txt
181.48.39.89,8080,http,https://raw.githubusercontent.com/ErcinDedeoglu/proxies/main/proxies/http.txt
185.195.170.157,3128,http,https://raw.githubusercontent.com/ErcinDedeoglu/proxies/main/proxies/http.txt
185.195.26.44,8080,http,https://raw.githubusercontent.com/ErcinDedeoglu/proxies/main/proxies/http.txt
185.200.191.44,16606,http,https://raw.githubusercontent.com/ErcinDedeoglu/proxies/main/proxies/http.txt
185.202.59.66,3128,http,https://raw.githubusercontent.com/ErcinDedeoglu/proxies/main/proxies/http.txt
185.241.5.57,3128,http,https://raw.githubusercontent.com/ErcinDedeoglu/proxies/main/proxies/http.txt
186.116.148.53,8080,http,https://raw.githubusercontent.com/ErcinDedeoglu/proxies/main/proxies/http.txt
187.190.58.152,80,http,https://raw.githubusercontent.com/ErcinDedeoglu/proxies/main/proxies/http.txt
188.132.222.206,8080,http,https://raw.githubusercontent.com/ErcinDedeoglu/proxies/main/proxies/http.txt
190.2.209.58,999,http,https://raw.githubusercontent.com/ErcinDedeoglu/proxies/main/proxies/http.txt
190.242.157.215,8080,http,https://raw.githubusercontent.com/ErcinDedeoglu/proxies/main/proxies/http.txt
191.102.123.196,999,http,https://raw.githubusercontent.com/ErcinDedeoglu/proxies/main/proxies/http.txt
193.168.60.23,80,http,https://raw.githubusercontent.com/MuRongPIG/Proxy-Master/main/http.txt
193.95.53.131,8077,http,https://raw.githubusercontent.com/ErcinDedeoglu/proxies/main/proxies/http.txt
194.26.141.202,3128,http,https://raw.githubusercontent.com/ErcinDedeoglu/proxies/main/proxies/http.txt
194.48.198.135,7070,http,https://raw.githubusercontent.com/ErcinDedeoglu/proxies/main/proxies/http.txt
195.158.8.123,3128,http,https://raw.githubusercontent.com/ErcinDedeoglu/proxies/main/proxies/http.txt
196.204.248.139,1976,http,https://raw.githubusercontent.com/ErcinDedeoglu/proxies/main/proxies/http.txt
198.199.86.11,3128,http,https://raw.githubusercontent.com/ErcinDedeoglu/proxies/main/proxies/http.txt
200.24.130.144,999,http,https://raw.githubusercontent.com/ErcinDedeoglu/proxies/main/proxies/http.txt
200.24.130.150,999,http,https://raw.githubusercontent.com/ErcinDedeoglu/proxies/main/proxies/http.txt
201.174.239.25,8080,http,https://raw.githubusercontent.com/ErcinDedeoglu/proxies/main/proxies/http.txt
202.5.47.44,12225,http,https://raw.githubusercontent.com/ErcinDedeoglu/proxies/main/proxies/http.txt
202.58.77.114,8080,http,https://raw.githubusercontent.com/ErcinDedeoglu/proxies/main/proxies/http.txt
209.97.150.167,3128,http,https://raw.githubusercontent.com/ErcinDedeoglu/proxies/main/proxies/http.txt
209.97.150.167,80,http,https://raw.githubusercontent.com/ErcinDedeoglu/proxies/main/proxies/http.txt
209.97.150.167,8080,http,https://raw.githubusercontent.com/ErcinDedeoglu/proxies/main/proxies/http.txt
213.131.85.28,1981,http,https://raw.githubusercontent.com/ErcinDedeoglu/proxies/main/proxies/http.txt
216.200.63.52,8080,http,https://raw.githubusercontent.com/ErcinDedeoglu/proxies/main/proxies/http.txt
218.188.156.138,3128,http,https://raw.githubusercontent.com/ErcinDedeoglu/proxies/main/proxies/http.txt
222.127.206.145,8085,http,https://raw.githubusercontent.com/ErcinDedeoglu/proxies/main/proxies/http.txt
223.159.210.130,7890,http,https://raw.githubusercontent.com/ErcinDedeoglu/proxies/main/proxies/http.txt
27.147.248.57,7979,http,https://raw.githubusercontent.com/ErcinDedeoglu/proxies/main/proxies/http.txt
3.137.167.45,8123,http,https://raw.githubusercontent.com/ErcinDedeoglu/proxies/main/proxies/http.txt
3.21.106.186,8445,http,https://raw.githubusercontent.com/ErcinDedeoglu/proxies/main/proxies/http.txt
34.236.148.220,119,http,https://raw.githubusercontent.com/ErcinDedeoglu/proxies/main/proxies/http.txt
35.152.252.253,8080,http,https://raw.githubusercontent.com/ErcinDedeoglu/proxies/main/proxies/http.txt
35.182.97.107,80,http,https://raw.githubusercontent.com/ErcinDedeoglu/proxies/main/proxies/http.txt
36.110.143.55,8080,http,https://raw.githubusercontent.com/ErcinDedeoglu/proxies/main/proxies/http.txt
39.185.41.193,5911,http,https://raw.githubusercontent.com/ErcinDedeoglu/proxies/main/proxies/http.txt
40.177.106.156,9699,http,https://raw.githubusercontent.com/ErcinDedeoglu/proxies/main/proxies/http.txt
43.161.250.102,8080,http,https://raw.githubusercontent.com/ErcinDedeoglu/proxies/main/proxies/http.txt
43.167.247.248,6006,http,https://raw.githubusercontent.com/ErcinDedeoglu/proxies/main/proxies/http.txt
43.208.16.9,20834,http,https://raw.githubusercontent.com/ErcinDedeoglu/proxies/main/proxies/http.txt
43.208.25.125,38585,http,https://raw.githubusercontent.com/ErcinDedeoglu/proxies/main/proxies/http.txt
43.210.30.230,233,http,https://raw.githubusercontent.com/ErcinDedeoglu/proxies/main/proxies/http.txt
43.224.118.206,1120,http,https://raw.githubusercontent.com/ErcinDedeoglu/proxies/main/proxies/http.txt
43.252.237.111,1111,http,https://raw.githubusercontent.com/ErcinDedeoglu/proxies/main/proxies/http.txt
45.174.241.181,999,http,https://raw.githubusercontent.com/ErcinDedeoglu/proxies/main/proxies/http.txt
45.186.6.104,3128,http,https://raw.githubusercontent.com/ErcinDedeoglu/proxies/main/proxies/http.txt
45.22.209.157,8888,http,https://raw.githubusercontent.com/ErcinDedeoglu/proxies/main/proxies/http.txt
45.88.0.113,3128,http,https://raw.githubusercontent.com/ErcinDedeoglu/proxies/main/proxies/http.txt
45.88.0.114,3128,http,https://raw.githubusercontent.com/ErcinDedeoglu/proxies/main/proxies/http.txt
45.88.0.115,3128,http,https://raw.githubusercontent.com/ErcinDedeoglu/proxies/main/proxies/http.txt
45.88.0.117,3128,http,https://raw.githubusercontent.com/ErcinDedeoglu/proxies/main/proxies/http.txt
45.88.0.99,3128,http,https://raw.githubusercontent.com/ErcinDedeoglu/proxies/main/proxies/http.txt
46.39.105.157,8080,http,https://raw.githubusercontent.com/ErcinDedeoglu/proxies/main/proxies/http.txt
47.101.149.27,9010,http,https://raw.githubusercontent.com/ErcinDedeoglu/proxies/main/proxies/http.txt
47.81.14.7,3129,http,https://raw.githubusercontent.com/ErcinDedeoglu/proxies/main/proxies/http.txt
49.145.177.2,8080,http,https://raw.githubusercontent.com/ErcinDedeoglu/proxies/main/proxies/http.txt
49.229.100.235,8080,http,https://raw.githubusercontent.com/ErcinDedeoglu/proxies/main/proxies/http.txt
51.84.166.204,9050,http,https://raw.githubusercontent.com/ErcinDedeoglu/proxies/main/proxies/http.txt
51.96.154.142,189,http,https://raw.githubusercontent.com/ErcinDedeoglu/proxies/main/proxies/http.txt
51.96.154.142,192,http,https://raw.githubusercontent.com/ErcinDedeoglu/proxies/main/proxies/http.txt
51.96.154.142,52036,http,https://raw.githubusercontent.com/ErcinDedeoglu/proxies/main/proxies/http.txt
51.96.154.142,952,http,https://raw.githubusercontent.com/ErcinDedeoglu/proxies/main/proxies/http.txt
52.188.28.218,3128,http,https://raw.githubusercontent.com/ErcinDedeoglu/proxies/main/proxies/http.txt
52.38.230.247,3128,http,https://raw.githubusercontent.com/ErcinDedeoglu/proxies/main/proxies/http.txt
59.153.19.170,1120,http,https://raw.githubusercontent.com/ErcinDedeoglu/proxies/main/proxies/http.txt
59.6.25.118,3128,http,https://raw.githubusercontent.com/ErcinDedeoglu/proxies/main/proxies/http.txt
61.91.162.126,8080,http,https://raw.githubusercontent.com/ErcinDedeoglu/proxies/main/proxies/http.txt
62.113.119.14,8080,http,https://raw.githubusercontent.com/ErcinDedeoglu/proxies/main/proxies/http.txt
67.43.228.250,17359,http,https://raw.githubusercontent.com/ErcinDedeoglu/proxies/main/proxies/http.txt
67.43.228.250,9601,http,https://raw.githubusercontent.com/MuRongPIG/Proxy-Master/main/http.txt
67.43.236.20,14433,http,https://raw.githubusercontent.com/Firmfox/Proxify/main/proxies/http.txt
78.12.223.246,59617,http,https://raw.githubusercontent.com/ErcinDedeoglu/proxies/main/proxies/http.txt
78.13.74.125,231,http,https://raw.githubusercontent.com/ErcinDedeoglu/proxies/main/proxies/http.txt
84.36.37.201,1976,http,https://raw.githubusercontent.com/ErcinDedeoglu/proxies/main/proxies/http.txt
91.121.63.51,1080,http,https://raw.githubusercontent.com/ErcinDedeoglu/proxies/main/proxies/http.txt
91.209.77.93,3128,http,https://raw.githubusercontent.com/ErcinDedeoglu/proxies/main/proxies/http.txt
95.40.79.184,260,http,https://raw.githubusercontent.com/ErcinDedeoglu/proxies/main/proxies/http.txt
101.251.204.174,8080,https,https://raw.githubusercontent.com/ErcinDedeoglu/proxies/main/proxies/https.txt
102.164.252.150,8080,https,https://raw.githubusercontent.com/ErcinDedeoglu/proxies/main/proxies/https.txt
103.106.78.178,7979,https,https://raw.githubusercontent.com/Firmfox/Proxify/main/proxies/https.txt
103.133.25.119,8080,https,https://raw.githubusercontent.com/Firmfox/Proxify/main/proxies/https.txt
103.138.185.81,83,https,https://raw.githubusercontent.com/ErcinDedeoglu/proxies/main/proxies/https.txt
103.16.118.78,8070,https,https://raw.githubusercontent.com/Firmfox/Proxify/main/proxies/https.txt
103.172.23.70,1111,https,https://raw.githubusercontent.com/Firmfox/Proxify/main/proxies/https.txt
103.178.88.81,3128,https,https://raw.githubusercontent.com/Firmfox/Proxify/main/proxies/https.txt
103.247.23.76,8081,https,https://raw.githubusercontent.com/ErcinDedeoglu/proxies/main/proxies/https.txt
103.39.51.190,8080,https,https://raw.githubusercontent.com/ErcinDedeoglu/proxies/main/proxies/https.txt
103.67.46.241,8080,https,https://raw.githubusercontent.com/Firmfox/Proxify/main/proxies/https.txt
104.206.98.154,3128,https,https://raw.githubusercontent.com/Firmfox/Proxify/main/proxies/https.txt
104.248.151.93,9090,https,https://raw.githubusercontent.com/Firmfox/Proxify/main/proxies/https.txt
113.192.12.78,9090,https,https://raw.githubusercontent.com/zebbern/Proxy-Scraper/main/https.txt
113.192.30.217,8081,https,https://raw.githubusercontent.com/ErcinDedeoglu/proxies/main/proxies/https.txt
113.192.31.19,8090,https,https://raw.githubusercontent.com/Firmfox/Proxify/main/proxies/https.txt
114.55.238.182,9999,https,https://raw.githubusercontent.com/Firmfox/Proxify/main/proxies/https.txt
115.114.77.133,9090,https,https://raw.githubusercontent.com/Firmfox/Proxify/main/proxies/https.txt
115.147.16.205,5050,https,https://raw.githubusercontent.com/Firmfox/Proxify/main/proxies/https.txt
118.113.247.70,1080,https,https://raw.githubusercontent.com/Firmfox/Proxify/main/proxies/https.txt
120.240.110.145,22222,https,https://raw.githubusercontent.com/Firmfox/Proxify/main/proxies/https.txt
124.107.15.43,8082,https,https://raw.githubusercontent.com/Firmfox/Proxify/main/proxies/https.txt
128.199.113.85,9090,https,https://raw.githubusercontent.com/ErcinDedeoglu/proxies/main/proxies/https.txt
128.199.114.189,9090,https,https://raw.githubusercontent.com/ErcinDedeoglu/proxies/main/proxies/https.txt
128.199.120.45,9090,https,https://raw.githubusercontent.com/ErcinDedeoglu/proxies/main/proxies/https.txt
128.199.202.122,80,https,https://raw.githubusercontent.com/ErcinDedeoglu/proxies/main/proxies/https.txt
128.199.202.122,8080,https,https://raw.githubusercontent.com/ErcinDedeoglu/proxies/main/proxies/https.txt
128.199.254.13,9090,https,https://raw.githubusercontent.com/ErcinDedeoglu/proxies/main/proxies/https.txt
13.229.106.200,8076,https,https://raw.githubusercontent.com/Firmfox/Proxify/main/proxies/https.txt
13.246.11.197,119,https,https://raw.githubusercontent.com/Firmfox/Proxify/main/proxies/https.txt
13.36.243.194,8045,https,https://raw.githubusercontent.com/Firmfox/Proxify/main/proxies/https.txt
13.60.218.140,80,https,https://raw.githubusercontent.com/Firmfox/Proxify/main/proxies/https.txt
134.209.29.120,3128,https,https://raw.githubusercontent.com/ErcinDedeoglu/proxies/main/proxies/https.txt
134.209.29.120,8080,https,https://raw.githubusercontent.com/ErcinDedeoglu/proxies/main/proxies/https.txt
136.112.110.16,8888,https,https://raw.githubusercontent.com/Firmfox/Proxify/main/proxies/https.txt
136.118.15.230,8000,https,https://raw.githubusercontent.com/Firmfox/Proxify/main/proxies/https.txt
138.68.60.8,80,https,https://raw.githubusercontent.com/ErcinDedeoglu/proxies/main/proxies/https.txt
138.68.60.8,8080,https,https://raw.githubusercontent.com/ErcinDedeoglu/proxies/main/proxies/https.txt
139.162.78.109,3128,https,https://raw.githubusercontent.com/ErcinDedeoglu/proxies/main/proxies/https.txt
139.162.78.109,80,https,https://raw.githubusercontent.com/ErcinDedeoglu/proxies/main/proxies/https.txt
139.162.78.109,8080,https,https://raw.githubusercontent.com/ErcinDedeoglu/proxies/main/proxies/https.txt
139.59.1.14,3128,https,https://raw.githubusercontent.com/ErcinDedeoglu/proxies/main/proxies/https.txt
139.59.1.14,80,https,https://raw.githubusercontent.com/ErcinDedeoglu/proxies/main/proxies/https.txt
139.59.1.14,8080,https,https://raw.githubusercontent.com/ErcinDedeoglu/proxies/main/proxies/https.txt
144.125.164.158,8080,https,https://raw.githubusercontent.com/Firmfox/Proxify/main/proxies/https.txt
144.125.164.158,8081,https,https://raw.githubusercontent.com/Firmfox/Proxify/main/proxies/https.txt
144.125.164.222,8080,https,https://raw.githubusercontent.com/Firmfox/Proxify/main/proxies/https.txt
144.125.164.222,8081,https,https://raw.githubusercontent.com/Firmfox/Proxify/main/proxies/https.txt
147.83.77.10,3128,https,https://raw.githubusercontent.com/Firmfox/Proxify/main/proxies/https.txt
148.224.58.230,8080,https,https://raw.githubusercontent.com/Firmfox/Proxify/main/proxies/https.txt
152.26.229.52,9443,https,https://raw.githubusercontent.com/Firmfox/Proxify/main/proxies/https.txt
152.42.170.187,9090,https,https://raw.githubusercontent.com/ErcinDedeoglu/proxies/main/proxies/https.txt
154.3.236.202,3128,https,https://raw.githubusercontent.com/ErcinDedeoglu/proxies/main/proxies/https.txt
157.175.43.137,701,https,https://raw.githubusercontent.com/Firmfox/Proxify/main/proxies/https.txt
157.175.43.137,876,https,https://raw.githubusercontent.com/Firmfox/Proxify/main/proxies/https.txt
157.175.84.251,1080,https,https://raw.githubusercontent.com/ErcinDedeoglu/proxies/main/proxies/https.txt
16.26.54.32,4495,https,https://raw.githubusercontent.com/Firmfox/Proxify/main/proxies/https.txt
16.26.54.32,661,https,https://raw.githubusercontent.com/Firmfox/Proxify/main/proxies/https.txt
16.26.54.32,997,https,https://raw.githubusercontent.com/Firmfox/Proxify/main/proxies/https.txt
160.187.221.182,8080,https,https://raw.githubusercontent.com/Firmfox/Proxify/main/proxies/https.txt
161.35.70.249,3128,https,https://raw.githubusercontent.com/ErcinDedeoglu/proxies/main/proxies/https.txt
161.35.70.249,80,https,https://raw.githubusercontent.com/ErcinDedeoglu/proxies/main/proxies/https.txt
161.35.70.249,8080,https,https://raw.githubusercontent.com/ErcinDedeoglu/proxies/main/proxies/https.txt
163.223.78.87,3127,https,https://raw.githubusercontent.com/ErcinDedeoglu/proxies/main/proxies/https.txt
163.61.187.18,7777,https,https://raw.githubusercontent.com/Firmfox/Proxify/main/proxies/https.txt
164.163.40.1,10000,https,https://raw.githubusercontent.com/Firmfox/Proxify/main/proxies/https.txt
164.163.40.16,10000,https,https://raw.githubusercontent.com/Firmfox/Proxify/main/proxies/https.txt
164.163.42.18,10000,https,https://raw.githubusercontent.com/Firmfox/Proxify/main/proxies/https.txt
164.163.42.19,10000,https,https://raw.githubusercontent.com/Firmfox/Proxify/main/proxies/https.txt
164.163.42.26,10000,https,https://raw.githubusercontent.com/Firmfox/Proxify/main/proxies/https.txt
164.163.42.29,10000,https,https://raw.githubusercontent.com/Firmfox/Proxify/main/proxies/https.txt
164.163.42.3,10000,https,https://raw.githubusercontent.com/Firmfox/Proxify/main/proxies/https.txt
164.163.42.34,10000,https,https://raw.githubusercontent.com/Firmfox/Proxify/main/proxies/https.txt
164.163.42.35,10000,https,https://raw.githubusercontent.com/Firmfox/Proxify/main/proxies/https.txt
164.163.42.39,10000,https,https://raw.githubusercontent.com/Firmfox/Proxify/main/proxies/https.txt
164.163.42.60,10000,https,https://raw.githubusercontent.com/Firmfox/Proxify/main/proxies/https.txt
164.163.43.102,10000,https,https://raw.githubusercontent.com/Firmfox/Proxify/main/proxies/https.txt
170.78.208.244,999,https,https://raw.githubusercontent.com/ErcinDedeoglu/proxies/main/proxies/https.txt
171.100.254.137,8080,https,https://raw.githubusercontent.com/ErcinDedeoglu/proxies/main/proxies/https.txt
175.99.220.171,80,https,https://raw.githubusercontent.com/Firmfox/Proxify/main/proxies/https.txt
177.39.72.73,8080,https,https://raw.githubusercontent.com/Firmfox/Proxify/main/proxies/https.txt
18.163.3.251,26203,https,https://raw.githubusercontent.com/Firmfox/Proxify/main/proxies/https.txt
190.195.225.34,80,https,https://raw.githubusercontent.com/Firmfox/Proxify/main/proxies/https.txt
190.242.157.215,8080,https,https://raw.githubusercontent.com/ErcinDedeoglu/proxies/main/proxies/https.txt
190.242.60.137,999,https,https://raw.githubusercontent.com/Firmfox/Proxify/main/proxies/https.txt
193.95.53.131,8077,https,https://raw.githubusercontent.com/Firmfox/Proxify/main/proxies/https.txt
194.26.141.202,3128,https,https://raw.githubusercontent.com/Firmfox/Proxify/main/proxies/https.txt
195.123.209.48,3128,https,https://raw.githubusercontent.com/Firmfox/Proxify/main/proxies/https.txt
197.164.101.11,1976,https,https://raw.githubusercontent.com/ErcinDedeoglu/proxies/main/proxies/https.txt
198.199.86.11,80,https,https://raw.githubusercontent.com/ErcinDedeoglu/proxies/main/proxies/https.txt
198.199.86.11,8080,https,https://raw.githubusercontent.com/ErcinDedeoglu/proxies/main/proxies/https.txt
20.80.217.164,3128,https,https://raw.githubusercontent.com/Firmfox/Proxify/main/proxies/https.txt
200.48.35.122,999,https,https://raw.githubusercontent.com/Firmfox/Proxify/main/proxies/https.txt
200.59.186.178,999,https,https://raw.githubusercontent.com/Firmfox/Proxify/main/proxies/https.txt
201.174.239.25,8080,https,https://raw.githubusercontent.com/ErcinDedeoglu/proxies/main/proxies/https.txt
201.182.150.184,999,https,https://raw.githubusercontent.com/Firmfox/Proxify/main/proxies/https.txt
201.245.201.18,3128,https,https://raw.githubusercontent.com/Firmfox/Proxify/main/proxies/https.txt
202.5.36.27,21225,https,https://raw.githubusercontent.com/Firmfox/Proxify/main/proxies/https.txt
202.5.47.44,12225,https,https://raw.githubusercontent.com/Firmfox/Proxify/main/proxies/https.txt
205.237.104.203,3128,https,https://raw.githubusercontent.com/ErcinDedeoglu/proxies/main/proxies/https.txt
209.97.150.167,8080,https,https://raw.githubusercontent.com/ErcinDedeoglu/proxies/main/proxies/https.txt
216.122.181.204,999,https,https://raw.githubusercontent.com/Firmfox/Proxify/main/proxies/https.txt
223.159.210.130,7890,https,https://raw.githubusercontent.com/Firmfox/Proxify/main/proxies/https.txt
3.35.25.117,45366,https,https://raw.githubusercontent.com/Firmfox/Proxify/main/proxies/https.txt
3.85.42.63,3128,https,https://raw.githubusercontent.com/Firmfox/Proxify/main/proxies/https.txt
34.236.148.220,31993,https,https://raw.githubusercontent.com/Firmfox/Proxify/main/proxies/https.txt
34.236.148.220,9064,https,https://raw.githubusercontent.com/Firmfox/Proxify/main/proxies/https.txt
35.182.97.107,80,https,https://raw.githubusercontent.com/Firmfox/Proxify/main/proxies/https.txt
36.95.22.27,8080,https,https://raw.githubusercontent.com/ErcinDedeoglu/proxies/main/proxies/https.txt
37.237.224.164,8080,https,https://raw.githubusercontent.com/Firmfox/Proxify/main/proxies/https.txt
38.156.235.35,999,https,https://raw.githubusercontent.com/Firmfox/Proxify/main/proxies/https.txt
39.185.41.193,5911,https,https://raw.githubusercontent.com/ErcinDedeoglu/proxies/main/proxies/https.txt
40.177.211.224,181,https,https://raw.githubusercontent.com/Firmfox/Proxify/main/proxies/https.txt
43.208.16.199,27043,https,https://raw.githubusercontent.com/Firmfox/Proxify/main/proxies/https.txt
43.208.16.199,57113,https,https://raw.githubusercontent.com/Firmfox/Proxify/main/proxies/https.txt
43.208.240.77,8686,https,https://raw.githubusercontent.com/Firmfox/Proxify/main/proxies/https.txt
43.208.25.125,9370,https,https://raw.githubusercontent.com/Firmfox/Proxify/main/proxies/https.txt
43.209.130.76,129,https,https://raw.githubusercontent.com/Firmfox/Proxify/main/proxies/https.txt
43.209.130.76,46487,https,https://raw.githubusercontent.com/Firmfox/Proxify/main/proxies/https.txt
43.209.130.76,8900,https,https://raw.githubusercontent.com/Firmfox/Proxify/main/proxies/https.txt
43.209.8.12,19050,https,https://raw.githubusercontent.com/Firmfox/Proxify/main/proxies/https.txt
43.210.30.230,43,https,https://raw.githubusercontent.com/Firmfox/Proxify/main/proxies/https.txt
43.217.158.81,23457,https,https://raw.githubusercontent.com/Firmfox/Proxify/main/proxies/https.txt
43.217.158.81,3526,https,https://raw.githubusercontent.com/Firmfox/Proxify/main/proxies/https.txt
43.224.116.22,1120,https,https://raw.githubusercontent.com/Firmfox/Proxify/main/proxies/https.txt
45.171.111.255,999,https,https://raw.githubusercontent.com/ErcinDedeoglu/proxies/main/proxies/https.txt
45.186.6.104,3128,https,https://raw.githubusercontent.com/ErcinDedeoglu/proxies/main/proxies/https.txt
45.22.209.157,8888,https,https://raw.githubusercontent.com/ErcinDedeoglu/proxies/main/proxies/https.txt
46.161.6.165,8080,https,https://raw.githubusercontent.com/ErcinDedeoglu/proxies/main/proxies/https.txt
47.81.14.7,3129,https,https://raw.githubusercontent.com/Firmfox/Proxify/main/proxies/https.txt
49.229.100.235,8080,https,https://raw.githubusercontent.com/ErcinDedeoglu/proxies/main/proxies/https.txt
51.112.231.62,39355,https,https://raw.githubusercontent.com/Firmfox/Proxify/main/proxies/https.txt
51.16.209.246,28924,https,https://raw.githubusercontent.com/Firmfox/Proxify/main/proxies/https.txt
51.16.49.113,24483,https,https://raw.githubusercontent.com/Firmfox/Proxify/main/proxies/https.txt
51.17.184.165,8789,https,https://raw.githubusercontent.com/Firmfox/Proxify/main/proxies/https.txt
51.20.126.89,28191,https,https://raw.githubusercontent.com/Firmfox/Proxify/main/proxies/https.txt
51.85.49.118,58366,https,https://raw.githubusercontent.com/Firmfox/Proxify/main/proxies/https.txt
56.124.106.170,34645,https,https://raw.githubusercontent.com/Firmfox/Proxify/main/proxies/https.txt
58.69.1.146,8082,https,https://raw.githubusercontent.com/ErcinDedeoglu/proxies/main/proxies/https.txt
61.91.162.126,8080,https,https://raw.githubusercontent.com/ErcinDedeoglu/proxies/main/proxies/https.txt
87.120.166.178,8080,https,https://raw.githubusercontent.com/Firmfox/Proxify/main/proxies/https.txt
90.156.194.75,8026,https,https://raw.githubusercontent.com/ErcinDedeoglu/proxies/main/proxies/https.txt
103.115.198.64,1080,socks4,https://raw.githubusercontent.com/TheSpeedX/PROXY-List/master/socks4.txt
103.115.255.225,36331,socks4,https://raw.githubusercontent.com/ErcinDedeoglu/proxies/main/proxies/socks4.txt
103.130.7.11,9898,socks4,https://raw.githubusercontent.com/ErcinDedeoglu/proxies/main/proxies/socks4.txt
103.140.35.11,4145,socks4,https://raw.githubusercontent.com/TheSpeedX/PROXY-List/master/socks4.txt
103.146.137.93,1081,socks4,https://raw.githubusercontent.com/ErcinDedeoglu/proxies/main/proxies/socks4.txt
103.164.112.132,4145,socks4,https://raw.githubusercontent.com/Firmfox/Proxify/main/proxies/socks4.txt
103.229.83.106,6789,socks4,https://raw.githubusercontent.com/ErcinDedeoglu/proxies/main/proxies/socks4.txt
103.37.82.134,39873,socks4,https://raw.githubusercontent.com/TheSpeedX/PROXY-List/master/socks4.txt
103.69.20.131,10888,socks4,https://raw.githubusercontent.com/ErcinDedeoglu/proxies/main/proxies/socks4.txt
103.70.145.139,5678,socks4,https://raw.githubusercontent.com/ErcinDedeoglu/proxies/main/proxies/socks4.txt
103.97.94.22,4153,socks4,https://raw.githubusercontent.com/TheSpeedX/PROXY-List/master/socks4.txt
104.200.135.46,4145,socks4,https://raw.githubusercontent.com/vakhov/fresh-proxy-list/master/socks4.txt
104.200.152.30,4145,socks4,https://raw.githubusercontent.com/TheSpeedX/PROXY-List/master/socks4.txt
104.37.135.145,4145,socks4,https://raw.githubusercontent.com/TheSpeedX/PROXY-List/master/socks4.txt
107.152.98.5,4145,socks4,https://raw.githubusercontent.com/TheSpeedX/PROXY-List/master/socks4.txt
107.181.161.81,4145,socks4,https://raw.githubusercontent.com/TheSpeedX/PROXY-List/master/socks4.txt
107.181.168.145,4145,socks4,https://raw.githubusercontent.com/vakhov/fresh-proxy-list/master/socks4.txt
109.224.22.34,51372,socks4,https://raw.githubusercontent.com/ErcinDedeoglu/proxies/main/proxies/socks4.txt
109.232.106.150,52435,socks4,https://raw.githubusercontent.com/TheSpeedX/PROXY-List/master/socks4.txt
109.72.107.227,48293,socks4,https://raw.githubusercontent.com/ErcinDedeoglu/proxies/main/proxies/socks4.txt
112.2.21.18,51080,socks4,https://raw.githubusercontent.com/TheSpeedX/PROXY-List/master/socks4.txt
112.78.169.98,5678,socks4,https://raw.githubusercontent.com/TheSpeedX/PROXY-List/master/socks4.txt
115.85.86.114,5678,socks4,https://raw.githubusercontent.com/TheSpeedX/PROXY-List/master/socks4.txt
122.248.38.4,4153,socks4,https://raw.githubusercontent.com/ErcinDedeoglu/proxies/main/proxies/socks4.txt
124.41.213.174,5678,socks4,https://raw.githubusercontent.com/ErcinDedeoglu/proxies/main/proxies/socks4.txt
134.199.159.23,1080,socks4,https://raw.githubusercontent.com/TheSpeedX/PROXY-List/master/socks4.txt
138.186.155.1,1085,socks4,https://raw.githubusercontent.com/ErcinDedeoglu/proxies/main/proxies/socks4.txt
138.68.21.132,52639,socks4,https://raw.githubusercontent.com/ErcinDedeoglu/proxies/main/proxies/socks4.txt
14.63.49.131,4145,socks4,https://raw.githubusercontent.com/TheSpeedX/PROXY-List/master/socks4.txt
142.54.226.214,4145,socks4,https://raw.githubusercontent.com/TheSpeedX/PROXY-List/master/socks4.txt
142.54.228.193,4145,socks4,https://raw.githubusercontent.com/TheSpeedX/PROXY-List/master/socks4.txt
142.54.229.249,4145,socks4,https://raw.githubusercontent.com/TheSpeedX/PROXY-List/master/socks4.txt
142.54.231.38,4145,socks4,https://raw.githubusercontent.com/TheSpeedX/PROXY-List/master/socks4.txt
142.54.232.6,4145,socks4,https://raw.githubusercontent.com/TheSpeedX/PROXY-List/master/socks4.txt
142.54.235.9,4145,socks4,https://raw.githubusercontent.com/TheSpeedX/PROXY-List/master/socks4.txt
142.54.236.97,4145,socks4,https://raw.githubusercontent.com/TheSpeedX/PROXY-List/master/socks4.txt
142.54.237.34,4145,socks4,https://raw.githubusercontent.com/TheSpeedX/PROXY-List/master/socks4.txt
142.54.237.38,4145,socks4,https://raw.githubusercontent.com/ErcinDedeoglu/proxies/main/proxies/socks4.txt
142.54.239.1,4145,socks4,https://raw.githubusercontent.com/TheSpeedX/PROXY-List/master/socks4.txt
144.124.227.90,10808,socks4,https://raw.githubusercontent.com/vakhov/fresh-proxy-list/master/socks4.txt
154.113.17.106,5678,socks4,https://raw.githubusercontent.com/TheSpeedX/PROXY-List/master/socks4.txt
154.66.108.52,3629,socks4,https://raw.githubusercontent.com/TheSpeedX/PROXY-List/master/socks4.txt
16.78.82.73,10577,socks4,https://raw.githubusercontent.com/ErcinDedeoglu/proxies/main/proxies/socks4.txt
161.35.82.57,1080,socks4,https://raw.githubusercontent.com/TheSpeedX/PROXY-List/master/socks4.txt
162.253.68.97,4145,socks4,https://raw.githubusercontent.com/TheSpeedX/PROXY-List/master/socks4.txt
166.62.88.163,45842,socks4,https://raw.githubusercontent.com/ErcinDedeoglu/proxies/main/proxies/socks4.txt
172.99.187.33,4145,socks4,https://raw.githubusercontent.com/ErcinDedeoglu/proxies/main/proxies/socks4.txt
174.64.199.79,4145,socks4,https://raw.githubusercontent.com/TheSpeedX/PROXY-List/master/socks4.txt
174.64.199.82,4145,socks4,https://raw.githubusercontent.com/TheSpeedX/PROXY-List/master/socks4.txt
174.75.211.193,4145,socks4,https://raw.githubusercontent.com/vakhov/fresh-proxy-list/master/socks4.txt
174.75.211.222,4145,socks4,https://raw.githubusercontent.com/zebbern/Proxy-Scraper/refs/heads/main/socks4.txt
174.77.111.196,4145,socks4,https://raw.githubusercontent.com/TheSpeedX/PROXY-List/master/socks4.txt
174.77.111.197,4145,socks4,https://raw.githubusercontent.com/TheSpeedX/PROXY-List/master/socks4.txt
174.77.111.198,49547,socks4,https://raw.githubusercontent.com/TheSpeedX/PROXY-List/master/socks4.txt
176.235.182.90,1080,socks4,https://raw.githubusercontent.com/ErcinDedeoglu/proxies/main/proxies/socks4.txt
177.10.201.170,45780,socks4,https://raw.githubusercontent.com/ErcinDedeoglu/proxies/main/proxies/socks4.txt
177.125.212.244,4145,socks4,https://raw.githubusercontent.com/ErcinDedeoglu/proxies/main/proxies/socks4.txt
181.113.59.188,33333,socks4,https://raw.githubusercontent.com/ErcinDedeoglu/proxies/main/proxies/socks4.txt
181.143.59.140,4153,socks4,https://raw.githubusercontent.com/TheSpeedX/PROXY-List/master/socks4.txt
181.15.154.156,52033,socks4,https://raw.githubusercontent.com/ErcinDedeoglu/proxies/main/proxies/socks4.txt
181.57.225.166,3629,socks4,https://raw.githubusercontent.com/ErcinDedeoglu/proxies/main/proxies/socks4.txt
184.170.245.148,4145,socks4,https://raw.githubusercontent.com/TheSpeedX/PROXY-List/master/socks4.txt
184.170.248.5,4145,socks4,https://raw.githubusercontent.com/TheSpeedX/PROXY-List/master/socks4.txt
184.170.249.65,4145,socks4,https://raw.githubusercontent.com/TheSpeedX/PROXY-List/master/socks4.txt
184.170.251.30,11288,socks4,https://raw.githubusercontent.com/ClearProxy/checked-proxy-list/refs/heads/main/socks4/raw/all.txt
184.178.172.11,4145,socks4,https://raw.githubusercontent.com/TheSpeedX/PROXY-List/master/socks4.txt
184.178.172.13,15311,socks4,https://raw.githubusercontent.com/TheSpeedX/PROXY-List/master/socks4.txt
184.178.172.14,4145,socks4,https://raw.githubusercontent.com/TheSpeedX/PROXY-List/master/socks4.txt
184.178.172.17,4145,socks4,https://raw.githubusercontent.com/vakhov/fresh-proxy-list/master/socks4.txt
184.178.172.18,15280,socks4,https://raw.githubusercontent.com/TheSpeedX/PROXY-List/master/socks4.txt
184.178.172.23,4145,socks4,https://raw.githubusercontent.com/TheSpeedX/PROXY-List/master/socks4.txt
184.178.172.25,15291,socks4,https://raw.githubusercontent.com/TheSpeedX/PROXY-List/master/socks4.txt
184.178.172.26,4145,socks4,https://raw.githubusercontent.com/TheSpeedX/PROXY-List/master/socks4.txt
184.178.172.28,15294,socks4,https://raw.githubusercontent.com/vakhov/fresh-proxy-list/master/socks4.txt
184.178.172.3,4145,socks4,https://raw.githubusercontent.com/TheSpeedX/PROXY-List/master/socks4.txt
184.178.172.5,15303,socks4,https://raw.githubusercontent.com/vakhov/fresh-proxy-list/master/socks4.txt
184.181.178.33,4145,socks4,https://raw.githubusercontent.com/vakhov/fresh-proxy-list/master/socks4.txt
184.181.217.194,4145,socks4,https://raw.githubusercontent.com/TheSpeedX/PROXY-List/master/socks4.txt
184.181.217.201,4145,socks4,https://raw.githubusercontent.com/vakhov/fresh-proxy-list/master/socks4.txt
184.181.217.206,4145,socks4,https://raw.githubusercontent.com/vakhov/fresh-proxy-list/master/socks4.txt
184.181.217.210,4145,socks4,https://raw.githubusercontent.com/TheSpeedX/PROXY-List/master/socks4.txt
184.181.217.213,4145,socks4,https://raw.githubusercontent.com/TheSpeedX/PROXY-List/master/socks4.txt
184.181.217.220,4145,socks4,https://raw.githubusercontent.com/TheSpeedX/PROXY-List/master/socks4.txt
184.182.240.12,4145,socks4,https://raw.githubusercontent.com/vakhov/fresh-proxy-list/master/socks4.txt
184.182.240.211,4145,socks4,https://raw.githubusercontent.com/ClearProxy/checked-proxy-list/refs/heads/main/socks4/raw/all.txt
184.185.2.12,4145,socks4,https://raw.githubusercontent.com/ClearProxy/checked-proxy-list/refs/heads/main/socks4/raw/all.txt
185.200.191.44,16606,socks4,https://raw.githubusercontent.com/TheSpeedX/PROXY-List/master/socks4.txt
185.26.168.17,4153,socks4,https://raw.githubusercontent.com/TheSpeedX/PROXY-List/master/socks4.txt
185.87.121.35,8975,socks4,https://raw.githubusercontent.com/TheSpeedX/PROXY-List/master/socks4.txt
186.1.182.194,4153,socks4,https://raw.githubusercontent.com/TheSpeedX/PROXY-List/master/socks4.txt
186.211.1.37,60606,socks4,https://raw.githubusercontent.com/ErcinDedeoglu/proxies/main/proxies/socks4.txt
187.102.16.66,51327,socks4,https://raw.githubusercontent.com/TheSpeedX/PROXY-List/master/socks4.txt
187.19.127.246,8011,socks4,https://raw.githubusercontent.com/TheSpeedX/PROXY-List/master/socks4.txt
187.44.211.118,4153,socks4,https://raw.githubusercontent.com/TheSpeedX/PROXY-List/master/socks4.txt
187.95.34.36,4145,socks4,https://raw.githubusercontent.com/ErcinDedeoglu/proxies/main/proxies/socks4.txt
190.122.144.23,5678,socks4,https://raw.githubusercontent.com/TheSpeedX/PROXY-List/master/socks4.txt
190.13.147.241,5678,socks4,https://raw.githubusercontent.com/ErcinDedeoglu/proxies/main/proxies/socks4.txt
190.85.47.198,4145,socks4,https://raw.githubusercontent.com/ErcinDedeoglu/proxies/main/proxies/socks4.txt
192.104.242.158,4145,socks4,https://raw.githubusercontent.com/ClearProxy/checked-proxy-list/refs/heads/main/socks4/raw/all.txt
192.111.129.145,16894,socks4,https://raw.githubusercontent.com/TheSpeedX/PROXY-List/master/socks4.txt
192.111.129.150,4145,socks4,https://raw.githubusercontent.com/ClearProxy/checked-proxy-list/refs/heads/main/socks4/raw/all.txt
192.111.130.2,4145,socks4,https://raw.githubusercontent.com/TheSpeedX/PROXY-List/master/socks4.txt
192.111.130.5,17002,socks4,https://raw.githubusercontent.com/TheSpeedX/PROXY-List/master/socks4.txt
192.111.134.10,4145,socks4,https://raw.githubusercontent.com/TheSpeedX/PROXY-List/master/socks4.txt
192.111.135.17,18302,socks4,https://raw.githubusercontent.com/TheSpeedX/PROXY-List/master/socks4.txt
192.111.135.18,18301,socks4,https://raw.githubusercontent.com/TheSpeedX/PROXY-List/master/socks4.txt
192.111.137.34,18765,socks4,https://raw.githubusercontent.com/TheSpeedX/PROXY-List/master/socks4.txt
192.111.137.35,4145,socks4,https://raw.githubusercontent.com/TheSpeedX/PROXY-List/master/socks4.txt
192.111.137.37,18762,socks4,https://raw.githubusercontent.com/vakhov/fresh-proxy-list/master/socks4.txt
192.111.138.29,4145,socks4,https://raw.githubusercontent.com/TheSpeedX/PROXY-List/master/socks4.txt
192.111.139.162,4145,socks4,https://raw.githubusercontent.com/TheSpeedX/PROXY-List/master/socks4.txt
192.111.139.163,19404,socks4,https://raw.githubusercontent.com/TheSpeedX/PROXY-List/master/socks4.txt
192.111.139.165,4145,socks4,https://raw.githubusercontent.com/TheSpeedX/PROXY-List/master/socks4.txt
192.163.200.93,17071,socks4,https://raw.githubusercontent.com/MuRongPIG/Proxy-Master/main/socks4.txt
192.252.208.67,14287,socks4,https://raw.githubusercontent.com/TheSpeedX/PROXY-List/master/socks4.txt
192.252.208.70,14282,socks4,https://raw.githubusercontent.com/TheSpeedX/PROXY-List/master/socks4.txt
192.252.209.155,14455,socks4,https://raw.githubusercontent.com/TheSpeedX/PROXY-List/master/socks4.txt
192.252.209.158,4145,socks4,https://raw.githubusercontent.com/ErcinDedeoglu/proxies/main/proxies/socks4.txt
192.252.210.233,4145,socks4,https://raw.githubusercontent.com/ClearProxy/checked-proxy-list/refs/heads/main/socks4/raw/all.txt
192.252.211.193,4145,socks4,https://raw.githubusercontent.com/vakhov/fresh-proxy-list/master/socks4.txt
192.252.211.197,14921,socks4,https://raw.githubusercontent.com/TheSpeedX/PROXY-List/master/socks4.txt
192.252.214.17,4145,socks4,https://raw.githubusercontent.com/ClearProxy/checked-proxy-list/refs/heads/main/socks4/raw/all.txt
192.252.214.20,15864,socks4,https://raw.githubusercontent.com/TheSpeedX/PROXY-List/master/socks4.txt
192.252.215.2,4145,socks4,https://raw.githubusercontent.com/ErcinDedeoglu/proxies/main/proxies/socks4.txt
192.252.215.5,16137,socks4,https://raw.githubusercontent.com/TheSpeedX/PROXY-List/master/socks4.txt
192.252.216.81,4145,socks4,https://raw.githubusercontent.com/TheSpeedX/PROXY-List/master/socks4.txt
192.252.216.86,4145,socks4,https://raw.githubusercontent.com/ClearProxy/checked-proxy-list/refs/heads/main/socks4/raw/all.txt
192.252.220.89,4145,socks4,https://raw.githubusercontent.com/ClearProxy/checked-proxy-list/refs/heads/main/socks4/raw/all.txt
192.252.220.92,17328,socks4,https://raw.githubusercontent.com/TheSpeedX/PROXY-List/master/socks4.txt
193.158.12.138,4153,socks4,https://raw.githubusercontent.com/TheSpeedX/PROXY-List/master/socks4.txt
193.233.254.7,1080,socks4,https://raw.githubusercontent.com/ClearProxy/checked-proxy-list/refs/heads/main/socks4/raw/all.txt
193.233.254.9,1080,socks4,https://raw.githubusercontent.com/TheSpeedX/PROXY-List/master/socks4.txt
193.68.17.141,60606,socks4,https://raw.githubusercontent.com/ErcinDedeoglu/proxies/main/proxies/socks4.txt
194.146.110.228,1080,socks4,https://raw.githubusercontent.com/ErcinDedeoglu/proxies/main/proxies/socks4.txt
198.177.252.24,4145,socks4,https://raw.githubusercontent.com/ClearProxy/checked-proxy-list/refs/heads/main/socks4/raw/all.txt
198.177.253.13,4145,socks4,https://raw.githubusercontent.com/ClearProxy/checked-proxy-list/refs/heads/main/socks4/raw/all.txt
198.177.254.131,4145,socks4,https://raw.githubusercontent.com/vakhov/fresh-proxy-list/master/socks4.txt
198.177.254.157,4145,socks4,https://raw.githubusercontent.com/vakhov/fresh-proxy-list/master/socks4.txt
198.8.84.3,4145,socks4,https://raw.githubusercontent.com/TheSpeedX/PROXY-List/master/socks4.txt
198.8.94.170,4145,socks4,https://raw.githubusercontent.com/TheSpeedX/PROXY-List/master/socks4.txt
198.8.94.174,39078,socks4,https://raw.githubusercontent.com/TheSpeedX/PROXY-List/master/socks4.txt
199.102.104.70,4145,socks4,https://raw.githubusercontent.com/TheSpeedX/PROXY-List/master/socks4.txt
199.102.105.242,4145,socks4,https://raw.githubusercontent.com/vakhov/fresh-proxy-list/master/socks4.txt
199.102.106.94,4145,socks4,https://raw.githubusercontent.com/TheSpeedX/PROXY-List/master/socks4.txt
199.102.107.145,4145,socks4,https://raw.githubusercontent.com/TheSpeedX/PROXY-List/master/socks4.txt
199.116.112.6,4145,socks4,https://raw.githubusercontent.com/ErcinDedeoglu/proxies/main/proxies/socks4.txt
199.116.114.11,4145,socks4,https://raw.githubusercontent.com/vakhov/fresh-proxy-list/master/socks4.txt
199.187.210.54,4145,socks4,https://raw.githubusercontent.com/ClearProxy/checked-proxy-list/refs/heads/main/socks4/raw/all.txt
199.229.254.129,4145,socks4,https://raw.githubusercontent.com/vakhov/fresh-proxy-list/master/socks4.txt
199.58.184.97,4145,socks4,https://raw.githubusercontent.com/TheSpeedX/PROXY-List/master/socks4.txt
199.58.185.9,4145,socks4,https://raw.githubusercontent.com/TheSpeedX/PROXY-List/master/socks4.txt
200.105.252.170,5678,socks4,https://raw.githubusercontent.com/ErcinDedeoglu/proxies/main/proxies/socks4.txt
200.188.246.122,60606,socks4,https://raw.githubusercontent.com/ErcinDedeoglu/proxies/main/proxies/socks4.txt
200.41.182.243,4145,socks4,https://raw.githubusercontent.com/ClearProxy/checked-proxy-list/refs/heads/main/socks4/raw/all.txt
200.81.122.235,4153,socks4,https://raw.githubusercontent.com/ErcinDedeoglu/proxies/main/proxies/socks4.txt
202.57.37.197,35846,socks4,https://raw.githubusercontent.com/ErcinDedeoglu/proxies/main/proxies/socks4.txt
203.156.190.5,5678,socks4,https://raw.githubusercontent.com/ErcinDedeoglu/proxies/main/proxies/socks4.txt
203.160.61.104,4145,socks4,https://raw.githubusercontent.com/ErcinDedeoglu/proxies/main/proxies/socks4.txt
206.220.175.2,4145,socks4,https://raw.githubusercontent.com/TheSpeedX/PROXY-List/master/socks4.txt
208.65.90.21,4145,socks4,https://raw.githubusercontent.com/TheSpeedX/PROXY-List/master/socks4.txt
208.65.90.3,4145,socks4,https://raw.githubusercontent.com/ClearProxy/checked-proxy-list/refs/heads/main/socks4/raw/all.txt
212.103.118.77,5678,socks4,https://raw.githubusercontent.com/zebbern/Proxy-Scraper/refs/heads/main/socks4.txt
212.50.19.150,4153,socks4,https://raw.githubusercontent.com/ErcinDedeoglu/proxies/main/proxies/socks4.txt
213.147.107.178,4153,socks4,https://raw.githubusercontent.com/ErcinDedeoglu/proxies/main/proxies/socks4.txt
216.155.93.238,5678,socks4,https://raw.githubusercontent.com/TheSpeedX/PROXY-List/master/socks4.txt
218.3.253.238,10800,socks4,https://raw.githubusercontent.com/TheSpeedX/PROXY-List/master/socks4.txt
24.249.199.4,4145,socks4,https://raw.githubusercontent.com/TheSpeedX/PROXY-List/master/socks4.txt
27.50.18.113,5678,socks4,https://raw.githubusercontent.com/ErcinDedeoglu/proxies/main/proxies/socks4.txt
35.182.97.107,80,socks4,https://raw.githubusercontent.com/TheSpeedX/PROXY-List/master/socks4.txt
36.89.56.127,5678,socks4,https://raw.githubusercontent.com/TheSpeedX/PROXY-List/master/socks4.txt
36.92.186.59,1080,socks4,https://raw.githubusercontent.com/TheSpeedX/PROXY-List/master/socks4.txt
37.18.73.60,5566,socks4,https://raw.githubusercontent.com/vakhov/fresh-proxy-list/master/socks4.txt
39.175.80.225,1080,socks4,https://raw.githubusercontent.com/ErcinDedeoglu/proxies/main/proxies/socks4.txt
43.217.141.124,238,socks4,https://raw.githubusercontent.com/ErcinDedeoglu/proxies/main/proxies/socks4.txt
43.217.141.124,8513,socks4,https://raw.githubusercontent.com/ErcinDedeoglu/proxies/main/proxies/socks4.txt
45.177.80.211,1080,socks4,https://raw.githubusercontent.com/ErcinDedeoglu/proxies/main/proxies/socks4.txt
45.6.95.65,4153,socks4,https://raw.githubusercontent.com/ErcinDedeoglu/proxies/main/proxies/socks4.txt
46.8.60.34,1080,socks4,https://raw.githubusercontent.com/ErcinDedeoglu/proxies/main/proxies/socks4.txt
58.247.113.130,5678,socks4,https://raw.githubusercontent.com/MuRongPIG/Proxy-Master/main/socks4.txt
67.201.33.10,25283,socks4,https://raw.githubusercontent.com/TheSpeedX/PROXY-List/master/socks4.txt
67.201.35.145,4145,socks4,https://raw.githubusercontent.com/ErcinDedeoglu/proxies/main/proxies/socks4.txt
67.201.39.14,4145,socks4,https://raw.githubusercontent.com/ErcinDedeoglu/proxies/main/proxies/socks4.txt
67.201.58.190,4145,socks4,https://raw.githubusercontent.com/vakhov/fresh-proxy-list/master/socks4.txt
67.201.59.70,4145,socks4,https://raw.githubusercontent.com/TheSpeedX/PROXY-List/master/socks4.txt
68.1.210.163,4145,socks4,https://raw.githubusercontent.com/TheSpeedX/PROXY-List/master/socks4.txt
68.1.210.189,4145,socks4,https://raw.githubusercontent.com/TheSpeedX/PROXY-List/master/socks4.txt
68.71.240.210,4145,socks4,https://raw.githubusercontent.com/ClearProxy/checked-proxy-list/refs/heads/main/socks4/raw/all.txt
68.71.241.33,4145,socks4,https://raw.githubusercontent.com/ClearProxy/checked-proxy-list/refs/heads/main/socks4/raw/all.txt
68.71.242.118,4145,socks4,https://raw.githubusercontent.com/vakhov/fresh-proxy-list/master/socks4.txt
68.71.243.14,4145,socks4,https://raw.githubusercontent.com/ClearProxy/checked-proxy-list/refs/heads/main/socks4/raw/all.txt
68.71.245.206,4145,socks4,https://raw.githubusercontent.com/ErcinDedeoglu/proxies/main/proxies/socks4.txt
68.71.247.130,4145,socks4,https://raw.githubusercontent.com/TheSpeedX/PROXY-List/master/socks4.txt
68.71.249.153,48606,socks4,https://raw.githubusercontent.com/TheSpeedX/PROXY-List/master/socks4.txt
68.71.249.158,4145,socks4,https://raw.githubusercontent.com/ClearProxy/checked-proxy-list/refs/heads/main/socks4/raw/all.txt
68.71.251.134,4145,socks4,https://raw.githubusercontent.com/ClearProxy/checked-proxy-list/refs/heads/main/socks4/raw/all.txt
68.71.252.38,4145,socks4,https://raw.githubusercontent.com/ErcinDedeoglu/proxies/main/proxies/socks4.txt
68.71.254.6,4145,socks4,https://raw.githubusercontent.com/TheSpeedX/PROXY-List/master/socks4.txt
69.61.200.104,36181,socks4,https://raw.githubusercontent.com/vakhov/fresh-proxy-list/master/socks4.txt
70.166.167.38,57728,socks4,https://raw.githubusercontent.com/vakhov/fresh-proxy-list/master/socks4.txt
70.166.167.55,57745,socks4,https://raw.githubusercontent.com/vakhov/fresh-proxy-list/master/socks4.txt
70.166.65.160,4145,socks4,https://raw.githubusercontent.com/ClearProxy/checked-proxy-list/refs/heads/main/socks4/raw/all.txt
72.195.101.99,4145,socks4,https://raw.githubusercontent.com/ErcinDedeoglu/proxies/main/proxies/socks4.txt
72.195.114.169,4145,socks4,https://raw.githubusercontent.com/TheSpeedX/PROXY-List/master/socks4.txt
72.195.114.184,4145,socks4,https://raw.githubusercontent.com/TheSpeedX/PROXY-List/master/socks4.txt
72.195.34.35,27360,socks4,https://raw.githubusercontent.com/TheSpeedX/PROXY-List/master/socks4.txt
72.195.34.41,4145,socks4,https://raw.githubusercontent.com/TheSpeedX/PROXY-List/master/socks4.txt
72.195.34.42,4145,socks4,https://raw.githubusercontent.com/TheSpeedX/PROXY-List/master/socks4.txt
72.195.34.58,4145,socks4,https://raw.githubusercontent.com/TheSpeedX/PROXY-List/master/socks4.txt
72.195.34.59,4145,socks4,https://raw.githubusercontent.com/TheSpeedX/PROXY-List/master/socks4.txt
72.195.34.60,27391,socks4,https://raw.githubusercontent.com/TheSpeedX/PROXY-List/master/socks4.txt
72.205.0.67,4145,socks4,https://raw.githubusercontent.com/ClearProxy/checked-proxy-list/refs/heads/main/socks4/raw/all.txt
72.205.0.93,4145,socks4,https://raw.githubusercontent.com/ClearProxy/checked-proxy-list/refs/heads/main/socks4/raw/all.txt
72.206.74.126,4145,socks4,https://raw.githubusercontent.com/ClearProxy/checked-proxy-list/refs/heads/main/socks4/raw/all.txt
72.207.109.5,4145,socks4,https://raw.githubusercontent.com/ClearProxy/checked-proxy-list/refs/heads/main/socks4/raw/all.txt
72.207.113.97,4145,socks4,https://raw.githubusercontent.com/ClearProxy/checked-proxy-list/refs/heads/main/socks4/raw/all.txt
72.207.33.64,4145,socks4,https://raw.githubusercontent.com/ClearProxy/checked-proxy-list/refs/heads/main/socks4/raw/all.txt
72.211.46.124,4145,socks4,https://raw.githubusercontent.com/ErcinDedeoglu/proxies/main/proxies/socks4.txt
72.211.46.99,4145,socks4,https://raw.githubusercontent.com/ClearProxy/checked-proxy-list/refs/heads/main/socks4/raw/all.txt
72.214.108.67,4145,socks4,https://raw.githubusercontent.com/vakhov/fresh-proxy-list/master/socks4.txt
72.223.188.67,4145,socks4,https://raw.githubusercontent.com/TheSpeedX/PROXY-List/master/socks4.txt
72.223.188.92,4145,socks4,https://raw.githubusercontent.com/vakhov/fresh-proxy-list/master/socks4.txt
72.37.216.68,4145,socks4,https://raw.githubusercontent.com/TheSpeedX/PROXY-List/master/socks4.txt
72.37.217.3,4145,socks4,https://raw.githubusercontent.com/TheSpeedX/PROXY-List/master/socks4.txt
72.49.49.11,31034,socks4,https://raw.githubusercontent.com/vakhov/fresh-proxy-list/master/socks4.txt
74.119.144.60,4145,socks4,https://raw.githubusercontent.com/vakhov/fresh-proxy-list/master/socks4.txt
74.119.147.209,4145,socks4,https://raw.githubusercontent.com/TheSpeedX/PROXY-List/master/socks4.txt
77.225.198.220,4673,socks4,https://raw.githubusercontent.com/ErcinDedeoglu/proxies/main/proxies/socks4.txt
77.46.138.37,33608,socks4,https://raw.githubusercontent.com/ErcinDedeoglu/proxies/main/proxies/socks4.txt
81.12.169.254,4153,socks4,https://raw.githubusercontent.com/ErcinDedeoglu/proxies/main/proxies/socks4.txt
82.137.250.156,4145,socks4,https://raw.githubusercontent.com/TheSpeedX/PROXY-List/master/socks4.txt
83.218.186.22,5678,socks4,https://raw.githubusercontent.com/TheSpeedX/PROXY-List/master/socks4.txt
89.110.80.195,10149,socks4,https://raw.githubusercontent.com/TheSpeedX/PROXY-List/master/socks4.txt
89.250.148.154,4145,socks4,https://raw.githubusercontent.com/ErcinDedeoglu/proxies/main/proxies/socks4.txt
89.42.197.84,60606,socks4,https://raw.githubusercontent.com/ErcinDedeoglu/proxies/main/proxies/socks4.txt
94.232.11.178,58028,socks4,https://raw.githubusercontent.com/TheSpeedX/PROXY-List/master/socks4.txt
98.170.57.231,4145,socks4,https://raw.githubusercontent.com/TheSpeedX/PROXY-List/master/socks4.txt
98.170.57.241,4145,socks4,https://raw.githubusercontent.com/ClearProxy/checked-proxy-list/refs/heads/main/socks4/raw/all.txt
98.170.57.249,4145,socks4,https://raw.githubusercontent.com/TheSpeedX/PROXY-List/master/socks4.txt
98.175.31.195,4145,socks4,https://raw.githubusercontent.com/vakhov/fresh-proxy-list/master/socks4.txt
98.175.31.222,4145,socks4,https://raw.githubusercontent.com/ClearProxy/checked-proxy-list/refs/heads/main/socks4/raw/all.txt
98.178.72.21,10919,socks4,https://raw.githubusercontent.com/vakhov/fresh-proxy-list/master/socks4.txt
98.178.72.30,4145,socks4,https://raw.githubusercontent.com/ClearProxy/checked-proxy-list/refs/heads/main/socks4/raw/all.txt
98.181.137.80,4145,socks4,https://raw.githubusercontent.com/TheSpeedX/PROXY-List/master/socks4.txt
98.181.137.83,4145,socks4,https://raw.githubusercontent.com/vakhov/fresh-proxy-list/master/socks4.txt
98.182.147.97,4145,socks4,https://raw.githubusercontent.com/vakhov/fresh-proxy-list/master/socks4.txt
98.182.171.161,4145,socks4,https://raw.githubusercontent.com/vakhov/fresh-proxy-list/master/socks4.txt
98.188.47.132,4145,socks4,https://raw.githubusercontent.com/TheSpeedX/PROXY-List/master/socks4.txt
98.188.47.150,4145,socks4,https://raw.githubusercontent.com/TheSpeedX/PROXY-List/master/socks4.txt
98.190.239.3,4145,socks4,https://raw.githubusercontent.com/vakhov/fresh-proxy-list/master/socks4.txt
98.191.0.37,4145,socks4,https://raw.githubusercontent.com/ClearProxy/checked-proxy-list/refs/heads/main/socks4/raw/all.txt
98.191.0.47,4145,socks4,https://raw.githubusercontent.com/vakhov/fresh-proxy-list/master/socks4.txt
103.141.66.78,1080,socks5,https://raw.githubusercontent.com/ErcinDedeoglu/proxies/main/proxies/socks5.txt
103.189.63.149,53053,socks5,https://raw.githubusercontent.com/TheSpeedX/PROXY-List/master/socks5.txt
103.245.231.83,1080,socks5,https://raw.githubusercontent.com/ErcinDedeoglu/proxies/main/proxies/socks5.txt
104.200.135.46,4145,socks5,https://raw.githubusercontent.com/TheSpeedX/PROXY-List/master/socks5.txt
104.200.152.30,4145,socks5,https://raw.githubusercontent.com/TheSpeedX/PROXY-List/master/socks5.txt
104.238.100.115,45314,socks5,https://raw.githubusercontent.com/ErcinDedeoglu/proxies/main/proxies/socks5.txt
104.37.135.145,4145,socks5,https://raw.githubusercontent.com/TheSpeedX/PROXY-List/master/socks5.txt
107.152.98.5,4145,socks5,https://raw.githubusercontent.com/TheSpeedX/PROXY-List/master/socks5.txt
107.181.161.81,4145,socks5,https://raw.githubusercontent.com/TheSpeedX/PROXY-List/master/socks5.txt
107.181.168.145,4145,socks5,https://raw.githubusercontent.com/TheSpeedX/PROXY-List/master/socks5.txt
110.235.255.252,1080,socks5,https://raw.githubusercontent.com/ErcinDedeoglu/proxies/main/proxies/socks5.txt
118.70.151.55,1080,socks5,https://raw.githubusercontent.com/ErcinDedeoglu/proxies/main/proxies/socks5.txt
121.169.46.116,1090,socks5,https://raw.githubusercontent.com/vakhov/fresh-proxy-list/master/socks5.txt
124.248.168.90,1080,socks5,https://raw.githubusercontent.com/ErcinDedeoglu/proxies/main/proxies/socks5.txt
124.248.177.116,1080,socks5,https://raw.githubusercontent.com/ClearProxy/checked-proxy-list/refs/heads/main/socks5/raw/all.txt
124.248.190.47,1080,socks5,https://raw.githubusercontent.com/ErcinDedeoglu/proxies/main/proxies/socks5.txt
13.212.222.137,23571,socks5,https://raw.githubusercontent.com/ErcinDedeoglu/proxies/main/proxies/socks5.txt
13.246.11.197,1632,socks5,https://raw.githubusercontent.com/ErcinDedeoglu/proxies/main/proxies/socks5.txt
13.246.43.161,5346,socks5,https://raw.githubusercontent.com/ErcinDedeoglu/proxies/main/proxies/socks5.txt
13.59.97.103,44051,socks5,https://raw.githubusercontent.com/ErcinDedeoglu/proxies/main/proxies/socks5.txt
13.60.209.160,30756,socks5,https://raw.githubusercontent.com/ErcinDedeoglu/proxies/main/proxies/socks5.txt
13.60.209.160,36994,socks5,https://raw.githubusercontent.com/ErcinDedeoglu/proxies/main/proxies/socks5.txt
13.60.218.140,79,socks5,https://raw.githubusercontent.com/ErcinDedeoglu/proxies/main/proxies/socks5.txt
13.60.218.140,9080,socks5,https://raw.githubusercontent.com/ErcinDedeoglu/proxies/main/proxies/socks5.txt
134.199.159.23,1080,socks5,https://raw.githubusercontent.com/TheSpeedX/PROXY-List/master/socks5.txt
138.199.25.13,3909,socks5,https://raw.githubusercontent.com/ErcinDedeoglu/proxies/main/proxies/socks5.txt
138.68.21.132,52639,socks5,https://raw.githubusercontent.com/ErcinDedeoglu/proxies/main/proxies/socks5.txt
142.54.226.214,4145,socks5,https://raw.githubusercontent.com/TheSpeedX/PROXY-List/master/socks5.txt
142.54.228.193,4145,socks5,https://raw.githubusercontent.com/TheSpeedX/PROXY-List/master/socks5.txt
142.54.229.249,4145,socks5,https://raw.githubusercontent.com/TheSpeedX/PROXY-List/master/socks5.txt
142.54.231.38,4145,socks5,https://raw.githubusercontent.com/TheSpeedX/PROXY-List/master/socks5.txt
142.54.232.6,4145,socks5,https://raw.githubusercontent.com/TheSpeedX/PROXY-List/master/socks5.txt
142.54.235.9,4145,socks5,https://raw.githubusercontent.com/TheSpeedX/PROXY-List/master/socks5.txt
142.54.236.97,4145,socks5,https://raw.githubusercontent.com/TheSpeedX/PROXY-List/master/socks5.txt
142.54.237.34,4145,socks5,https://raw.githubusercontent.com/TheSpeedX/PROXY-List/master/socks5.txt
142.54.237.38,4145,socks5,https://raw.githubusercontent.com/ErcinDedeoglu/proxies/main/proxies/socks5.txt
142.54.239.1,4145,socks5,https://raw.githubusercontent.com/TheSpeedX/PROXY-List/master/socks5.txt
149.12.110.109,5678,socks5,https://raw.githubusercontent.com/ErcinDedeoglu/proxies/main/proxies/socks5.txt
15.236.38.248,39273,socks5,https://raw.githubusercontent.com/ErcinDedeoglu/proxies/main/proxies/socks5.txt
154.205.155.19,8888,socks5,https://raw.githubusercontent.com/ErcinDedeoglu/proxies/main/proxies/socks5.txt
157.10.135.73,1080,socks5,https://raw.githubusercontent.com/ErcinDedeoglu/proxies/main/proxies/socks5.txt
157.173.201.10,1080,socks5,https://raw.githubusercontent.com/ErcinDedeoglu/proxies/main/proxies/socks5.txt
16.26.54.32,25004,socks5,https://raw.githubusercontent.com/ErcinDedeoglu/proxies/main/proxies/socks5.txt
16.26.54.32,313,socks5,https://raw.githubusercontent.com/ErcinDedeoglu/proxies/main/proxies/socks5.txt
16.26.54.32,317,socks5,https://raw.githubusercontent.com/ErcinDedeoglu/proxies/main/proxies/socks5.txt
16.26.54.32,5170,socks5,https://raw.githubusercontent.com/ErcinDedeoglu/proxies/main/proxies/socks5.txt
16.26.54.32,8019,socks5,https://raw.githubusercontent.com/ErcinDedeoglu/proxies/main/proxies/socks5.txt
162.253.68.97,4145,socks5,https://raw.githubusercontent.com/TheSpeedX/PROXY-List/master/socks5.txt
166.62.88.163,45842,socks5,https://raw.githubusercontent.com/ErcinDedeoglu/proxies/main/proxies/socks5.txt
167.71.220.29,7497,socks5,https://raw.githubusercontent.com/TheSpeedX/PROXY-List/master/socks5.txt
174.138.61.184,1080,socks5,https://raw.githubusercontent.com/vakhov/fresh-proxy-list/master/socks5.txt
174.64.199.79,4145,socks5,https://raw.githubusercontent.com/TheSpeedX/PROXY-List/master/socks5.txt
174.64.199.82,4145,socks5,https://raw.githubusercontent.com/TheSpeedX/PROXY-List/master/socks5.txt
174.75.211.193,4145,socks5,https://raw.githubusercontent.com/ClearProxy/checked-proxy-list/refs/heads/main/socks5/raw/all.txt
174.77.111.196,4145,socks5,https://raw.githubusercontent.com/TheSpeedX/PROXY-List/master/socks5.txt
174.77.111.197,4145,socks5,https://raw.githubusercontent.com/TheSpeedX/PROXY-List/master/socks5.txt
174.77.111.198,49547,socks5,https://raw.githubusercontent.com/TheSpeedX/PROXY-List/master/socks5.txt
178.130.47.129,1082,socks5,https://raw.githubusercontent.com/TheSpeedX/PROXY-List/master/socks5.txt
184.170.245.148,4145,socks5,https://raw.githubusercontent.com/TheSpeedX/PROXY-List/master/socks5.txt
184.170.248.5,4145,socks5,https://raw.githubusercontent.com/TheSpeedX/PROXY-List/master/socks5.txt
184.170.249.65,4145,socks5,https://raw.githubusercontent.com/TheSpeedX/PROXY-List/master/socks5.txt
184.170.251.30,11288,socks5,https://raw.githubusercontent.com/ClearProxy/checked-proxy-list/refs/heads/main/socks5/raw/all.txt
184.178.172.11,4145,socks5,https://raw.githubusercontent.com/TheSpeedX/PROXY-List/master/socks5.txt
184.178.172.13,15311,socks5,https://raw.githubusercontent.com/TheSpeedX/PROXY-List/master/socks5.txt
184.178.172.14,4145,socks5,https://raw.githubusercontent.com/TheSpeedX/PROXY-List/master/socks5.txt
184.178.172.17,4145,socks5,https://raw.githubusercontent.com/TheSpeedX/PROXY-List/master/socks5.txt
184.178.172.18,15280,socks5,https://raw.githubusercontent.com/TheSpeedX/PROXY-List/master/socks5.txt
184.178.172.23,4145,socks5,https://raw.githubusercontent.com/TheSpeedX/PROXY-List/master/socks5.txt
184.178.172.25,15291,socks5,https://raw.githubusercontent.com/TheSpeedX/PROXY-List/master/socks5.txt
184.178.172.26,4145,socks5,https://raw.githubusercontent.com/TheSpeedX/PROXY-List/master/socks5.txt
184.178.172.28,15294,socks5,https://raw.githubusercontent.com/TheSpeedX/PROXY-List/master/socks5.txt
184.178.172.3,4145,socks5,https://raw.githubusercontent.com/TheSpeedX/PROXY-List/master/socks5.txt
184.178.172.5,15303,socks5,https://raw.githubusercontent.com/TheSpeedX/PROXY-List/master/socks5.txt
184.181.178.33,4145,socks5,https://raw.githubusercontent.com/ClearProxy/checked-proxy-list/refs/heads/main/socks5/raw/all.txt
184.181.217.194,4145,socks5,https://raw.githubusercontent.com/TheSpeedX/PROXY-List/master/socks5.txt
184.181.217.201,4145,socks5,https://raw.githubusercontent.com/TheSpeedX/PROXY-List/master/socks5.txt
184.181.217.206,4145,socks5,https://raw.githubusercontent.com/TheSpeedX/PROXY-List/master/socks5.txt
184.181.217.210,4145,socks5,https://raw.githubusercontent.com/TheSpeedX/PROXY-List/master/socks5.txt
184.181.217.213,4145,socks5,https://raw.githubusercontent.com/TheSpeedX/PROXY-List/master/socks5.txt
184.181.217.220,4145,socks5,https://raw.githubusercontent.com/TheSpeedX/PROXY-List/master/socks5.txt
184.182.240.12,4145,socks5,https://raw.githubusercontent.com/ClearProxy/checked-proxy-list/refs/heads/main/socks5/raw/all.txt
184.182.240.211,4145,socks5,https://raw.githubusercontent.com/ClearProxy/checked-proxy-list/refs/heads/main/socks5/raw/all.txt
184.185.2.12,4145,socks5,https://raw.githubusercontent.com/ClearProxy/checked-proxy-list/refs/heads/main/socks5/raw/all.txt
184.95.235.194,1080,socks5,https://raw.githubusercontent.com/ErcinDedeoglu/proxies/main/proxies/socks5.txt
185.87.121.5,8975,socks5,https://raw.githubusercontent.com/TheSpeedX/PROXY-List/master/socks5.txt
190.119.160.26,56160,socks5,https://raw.githubusercontent.com/ErcinDedeoglu/proxies/main/proxies/socks5.txt
192.104.242.158,4145,socks5,https://raw.githubusercontent.com/ErcinDedeoglu/proxies/main/proxies/socks5.txt
192.111.129.145,16894,socks5,https://raw.githubusercontent.com/TheSpeedX/PROXY-List/master/socks5.txt
192.111.129.150,4145,socks5,https://raw.githubusercontent.com/ClearProxy/checked-proxy-list/refs/heads/main/socks5/raw/all.txt
192.111.130.2,4145,socks5,https://raw.githubusercontent.com/TheSpeedX/PROXY-List/master/socks5.txt
192.111.130.5,17002,socks5,https://raw.githubusercontent.com/vakhov/fresh-proxy-list/master/socks5.txt
192.111.134.10,4145,socks5,https://raw.githubusercontent.com/TheSpeedX/PROXY-List/master/socks5.txt
192.111.135.17,18302,socks5,https://raw.githubusercontent.com/TheSpeedX/PROXY-List/master/socks5.txt
192.111.135.18,18301,socks5,https://raw.githubusercontent.com/TheSpeedX/PROXY-List/master/socks5.txt
192.111.137.34,18765,socks5,https://raw.githubusercontent.com/vakhov/fresh-proxy-list/master/socks5.txt
192.111.137.35,4145,socks5,https://raw.githubusercontent.com/TheSpeedX/PROXY-List/master/socks5.txt
192.111.137.37,18762,socks5,https://raw.githubusercontent.com/TheSpeedX/PROXY-List/master/socks5.txt
192.111.138.29,4145,socks5,https://raw.githubusercontent.com/TheSpeedX/PROXY-List/master/socks5.txt
192.111.139.162,4145,socks5,https://raw.githubusercontent.com/vakhov/fresh-proxy-list/master/socks5.txt
192.111.139.163,19404,socks5,https://raw.githubusercontent.com/TheSpeedX/PROXY-List/master/socks5.txt
192.111.139.165,4145,socks5,https://raw.githubusercontent.com/TheSpeedX/PROXY-List/master/socks5.txt
192.252.208.67,14287,socks5,https://raw.githubusercontent.com/TheSpeedX/PROXY-List/master/socks5.txt
192.252.208.70,14282,socks5,https://raw.githubusercontent.com/TheSpeedX/PROXY-List/master/socks5.txt
192.252.209.155,14455,socks5,https://raw.githubusercontent.com/TheSpeedX/PROXY-List/master/socks5.txt
192.252.209.158,4145,socks5,https://raw.githubusercontent.com/ErcinDedeoglu/proxies/main/proxies/socks5.txt
192.252.210.233,4145,socks5,https://raw.githubusercontent.com/ClearProxy/checked-proxy-list/refs/heads/main/socks5/raw/all.txt
192.252.211.193,4145,socks5,https://raw.githubusercontent.com/ClearProxy/checked-proxy-list/refs/heads/main/socks5/raw/all.txt
192.252.211.197,14921,socks5,https://raw.githubusercontent.com/TheSpeedX/PROXY-List/master/socks5.txt
192.252.214.17,4145,socks5,https://raw.githubusercontent.com/ErcinDedeoglu/proxies/main/proxies/socks5.txt
192.252.214.20,15864,socks5,https://raw.githubusercontent.com/TheSpeedX/PROXY-List/master/socks5.txt
192.252.215.2,4145,socks5,https://raw.githubusercontent.com/ClearProxy/checked-proxy-list/refs/heads/main/socks5/raw/all.txt
192.252.215.5,16137,socks5,https://raw.githubusercontent.com/TheSpeedX/PROXY-List/master/socks5.txt
192.252.216.81,4145,socks5,https://raw.githubusercontent.com/TheSpeedX/PROXY-List/master/socks5.txt
192.252.216.86,4145,socks5,https://raw.githubusercontent.com/ErcinDedeoglu/proxies/main/proxies/socks5.txt
192.252.220.89,4145,socks5,https://raw.githubusercontent.com/ClearProxy/checked-proxy-list/refs/heads/main/socks5/raw/all.txt
192.252.220.92,17328,socks5,https://raw.githubusercontent.com/vakhov/fresh-proxy-list/master/socks5.txt
193.233.254.7,1080,socks5,https://raw.githubusercontent.com/zebbern/Proxy-Scraper/refs/heads/main/socks5.txt
194.163.167.32,1080,socks5,https://raw.githubusercontent.com/zebbern/Proxy-Scraper/refs/heads/main/socks5.txt
195.91.129.101,1337,socks5,https://raw.githubusercontent.com/ErcinDedeoglu/proxies/main/proxies/socks5.txt
198.177.252.24,4145,socks5,https://raw.githubusercontent.com/ClearProxy/checked-proxy-list/refs/heads/main/socks5/raw/all.txt
198.177.253.13,4145,socks5,https://raw.githubusercontent.com/ClearProxy/checked-proxy-list/refs/heads/main/socks5/raw/all.txt
198.177.254.131,4145,socks5,https://raw.githubusercontent.com/ClearProxy/checked-proxy-list/refs/heads/main/socks5/raw/all.txt
198.177.254.157,4145,socks5,https://raw.githubusercontent.com/ClearProxy/checked-proxy-list/refs/heads/main/socks5/raw/all.txt
198.8.84.3,4145,socks5,https://raw.githubusercontent.com/TheSpeedX/PROXY-List/master/socks5.txt
198.8.94.170,4145,socks5,https://raw.githubusercontent.com/TheSpeedX/PROXY-List/master/socks5.txt
198.8.94.174,39078,socks5,https://raw.githubusercontent.com/TheSpeedX/PROXY-List/master/socks5.txt
199.102.104.70,4145,socks5,https://raw.githubusercontent.com/TheSpeedX/PROXY-List/master/socks5.txt
199.102.105.242,4145,socks5,https://raw.githubusercontent.com/TheSpeedX/PROXY-List/master/socks5.txt
199.102.106.94,4145,socks5,https://raw.githubusercontent.com/TheSpeedX/PROXY-List/master/socks5.txt
199.102.107.145,4145,socks5,https://raw.githubusercontent.com/TheSpeedX/PROXY-List/master/socks5.txt
199.116.112.6,4145,socks5,https://raw.githubusercontent.com/ClearProxy/checked-proxy-list/refs/heads/main/socks5/raw/all.txt
199.116.114.11,4145,socks5,https://raw.githubusercontent.com/TheSpeedX/PROXY-List/master/socks5.txt
199.187.210.54,4145,socks5,https://raw.githubusercontent.com/ClearProxy/checked-proxy-list/refs/heads/main/socks5/raw/all.txt
199.229.254.129,4145,socks5,https://raw.githubusercontent.com/TheSpeedX/PROXY-List/master/socks5.txt
199.58.184.97,4145,socks5,https://raw.githubusercontent.com/TheSpeedX/PROXY-List/master/socks5.txt
199.58.185.9,4145,socks5,https://raw.githubusercontent.com/TheSpeedX/PROXY-List/master/socks5.txt
202.62.52.206,1080,socks5,https://raw.githubusercontent.com/ErcinDedeoglu/proxies/main/proxies/socks5.txt
202.62.52.58,1080,socks5,https://raw.githubusercontent.com/ErcinDedeoglu/proxies/main/proxies/socks5.txt
202.62.55.64,1080,socks5,https://raw.githubusercontent.com/ErcinDedeoglu/proxies/main/proxies/socks5.txt
203.189.153.168,1080,socks5,https://raw.githubusercontent.com/ErcinDedeoglu/proxies/main/proxies/socks5.txt
203.189.154.200,1080,socks5,https://raw.githubusercontent.com/zebbern/Proxy-Scraper/refs/heads/main/socks5.txt
203.189.154.80,1080,socks5,https://raw.githubusercontent.com/ClearProxy/checked-proxy-list/refs/heads/main/socks5/raw/all.txt
206.220.175.2,4145,socks5,https://raw.githubusercontent.com/TheSpeedX/PROXY-List/master/socks5.txt
208.65.90.21,4145,socks5,https://raw.githubusercontent.com/ErcinDedeoglu/proxies/main/proxies/socks5.txt
208.65.90.3,4145,socks5,https://raw.githubusercontent.com/ClearProxy/checked-proxy-list/refs/heads/main/socks5/raw/all.txt
213.226.122.5,7788,socks5,https://raw.githubusercontent.com/TheSpeedX/PROXY-List/master/socks5.txt
24.249.199.4,4145,socks5,https://raw.githubusercontent.com/TheSpeedX/PROXY-List/master/socks5.txt
3.137.167.45,95,socks5,https://raw.githubusercontent.com/ErcinDedeoglu/proxies/main/proxies/socks5.txt
3.35.25.117,51476,socks5,https://raw.githubusercontent.com/ErcinDedeoglu/proxies/main/proxies/socks5.txt
34.216.224.9,11342,socks5,https://raw.githubusercontent.com/ErcinDedeoglu/proxies/main/proxies/socks5.txt
34.216.224.9,8071,socks5,https://raw.githubusercontent.com/ErcinDedeoglu/proxies/main/proxies/socks5.txt
34.216.224.9,9200,socks5,https://raw.githubusercontent.com/ErcinDedeoglu/proxies/main/proxies/socks5.txt
35.182.97.107,80,socks5,https://raw.githubusercontent.com/TheSpeedX/PROXY-List/master/socks5.txt
36.255.98.177,9437,socks5,https://raw.githubusercontent.com/ErcinDedeoglu/proxies/main/proxies/socks5.txt
37.18.73.60,5566,socks5,https://raw.githubusercontent.com/vakhov/fresh-proxy-list/master/socks5.txt
40.177.106.156,162,socks5,https://raw.githubusercontent.com/ErcinDedeoglu/proxies/main/proxies/socks5.txt
40.177.106.156,27101,socks5,https://raw.githubusercontent.com/ErcinDedeoglu/proxies/main/proxies/socks5.txt
40.177.211.224,36207,socks5,https://raw.githubusercontent.com/ErcinDedeoglu/proxies/main/proxies/socks5.txt
43.208.129.50,2949,socks5,https://raw.githubusercontent.com/ErcinDedeoglu/proxies/main/proxies/socks5.txt
43.208.16.199,46022,socks5,https://raw.githubusercontent.com/ErcinDedeoglu/proxies/main/proxies/socks5.txt
43.208.16.9,28732,socks5,https://raw.githubusercontent.com/ErcinDedeoglu/proxies/main/proxies/socks5.txt
43.208.25.125,656,socks5,https://raw.githubusercontent.com/ErcinDedeoglu/proxies/main/proxies/socks5.txt
43.209.130.76,9792,socks5,https://raw.githubusercontent.com/ErcinDedeoglu/proxies/main/proxies/socks5.txt
43.217.141.124,10297,socks5,https://raw.githubusercontent.com/ErcinDedeoglu/proxies/main/proxies/socks5.txt
45.144.234.129,54972,socks5,https://raw.githubusercontent.com/ErcinDedeoglu/proxies/main/proxies/socks5.txt
45.40.136.39,45741,socks5,https://raw.githubusercontent.com/ErcinDedeoglu/proxies/main/proxies/socks5.txt
47.86.43.255,1111,socks5,https://raw.githubusercontent.com/ErcinDedeoglu/proxies/main/proxies/socks5.txt
50.63.12.101,45801,socks5,https://raw.githubusercontent.com/ErcinDedeoglu/proxies/main/proxies/socks5.txt
51.16.49.113,19085,socks5,https://raw.githubusercontent.com/ErcinDedeoglu/proxies/main/proxies/socks5.txt
51.84.65.10,9708,socks5,https://raw.githubusercontent.com/ErcinDedeoglu/proxies/main/proxies/socks5.txt
51.85.49.118,26717,socks5,https://raw.githubusercontent.com/ErcinDedeoglu/proxies/main/proxies/socks5.txt
51.85.49.118,9325,socks5,https://raw.githubusercontent.com/ErcinDedeoglu/proxies/main/proxies/socks5.txt
51.96.154.142,48976,socks5,https://raw.githubusercontent.com/ErcinDedeoglu/proxies/main/proxies/socks5.txt
51.96.154.142,8004,socks5,https://raw.githubusercontent.com/ErcinDedeoglu/proxies/main/proxies/socks5.txt
51.96.154.142,8123,socks5,https://raw.githubusercontent.com/ErcinDedeoglu/proxies/main/proxies/socks5.txt
52.78.193.98,10841,socks5,https://raw.githubusercontent.com/ErcinDedeoglu/proxies/main/proxies/socks5.txt
52.78.193.98,969,socks5,https://raw.githubusercontent.com/ErcinDedeoglu/proxies/main/proxies/socks5.txt
56.228.5.197,11288,socks5,https://raw.githubusercontent.com/ErcinDedeoglu/proxies/main/proxies/socks5.txt
56.228.5.197,25069,socks5,https://raw.githubusercontent.com/ErcinDedeoglu/proxies/main/proxies/socks5.txt
56.228.5.197,9002,socks5,https://raw.githubusercontent.com/ErcinDedeoglu/proxies/main/proxies/socks5.txt
62.60.131.183,8090,socks5,https://raw.githubusercontent.com/ErcinDedeoglu/proxies/main/proxies/socks5.txt
62.60.131.186,6924,socks5,https://raw.githubusercontent.com/ErcinDedeoglu/proxies/main/proxies/socks5.txt
62.60.131.188,4152,socks5,https://raw.githubusercontent.com/ErcinDedeoglu/proxies/main/proxies/socks5.txt
62.60.131.197,4672,socks5,https://raw.githubusercontent.com/ErcinDedeoglu/proxies/main/proxies/socks5.txt
67.201.33.10,25283,socks5,https://raw.githubusercontent.com/vakhov/fresh-proxy-list/master/socks5.txt
67.201.35.145,4145,socks5,https://raw.githubusercontent.com/ErcinDedeoglu/proxies/main/proxies/socks5.txt
67.201.39.14,4145,socks5,https://raw.githubusercontent.com/ErcinDedeoglu/proxies/main/proxies/socks5.txt
67.201.58.190,4145,socks5,https://raw.githubusercontent.com/ClearProxy/checked-proxy-list/refs/heads/main/socks5/raw/all.txt
67.201.59.70,4145,socks5,https://raw.githubusercontent.com/TheSpeedX/PROXY-List/master/socks5.txt
68.1.210.163,4145,socks5,https://raw.githubusercontent.com/TheSpeedX/PROXY-List/master/socks5.txt
68.1.210.189,4145,socks5,https://raw.githubusercontent.com/TheSpeedX/PROXY-List/master/socks5.txt
68.71.240.210,4145,socks5,https://raw.githubusercontent.com/ClearProxy/checked-proxy-list/refs/heads/main/socks5/raw/all.txt
68.71.241.33,4145,socks5,https://raw.githubusercontent.com/ErcinDedeoglu/proxies/main/proxies/socks5.txt
68.71.242.118,4145,socks5,https://raw.githubusercontent.com/ErcinDedeoglu/proxies/main/proxies/socks5.txt
68.71.243.14,4145,socks5,https://raw.githubusercontent.com/ClearProxy/checked-proxy-list/refs/heads/main/socks5/raw/all.txt
68.71.245.206,4145,socks5,https://raw.githubusercontent.com/ClearProxy/checked-proxy-list/refs/heads/main/socks5/raw/all.txt
68.71.247.130,4145,socks5,https://raw.githubusercontent.com/TheSpeedX/PROXY-List/master/socks5.txt
68.71.249.153,48606,socks5,https://raw.githubusercontent.com/TheSpeedX/PROXY-List/master/socks5.txt
68.71.249.158,4145,socks5,https://raw.githubusercontent.com/ErcinDedeoglu/proxies/main/proxies/socks5.txt
68.71.251.134,4145,socks5,https://raw.githubusercontent.com/ClearProxy/checked-proxy-list/refs/heads/main/socks5/raw/all.txt
68.71.252.38,4145,socks5,https://raw.githubusercontent.com/ClearProxy/checked-proxy-list/refs/heads/main/socks5/raw/all.txt
68.71.254.6,4145,socks5,https://raw.githubusercontent.com/TheSpeedX/PROXY-List/master/socks5.txt
70.166.167.38,57728,socks5,https://raw.githubusercontent.com/TheSpeedX/PROXY-List/master/socks5.txt
70.166.167.55,57745,socks5,https://raw.githubusercontent.com/TheSpeedX/PROXY-List/master/socks5.txt
70.166.65.160,4145,socks5,https://raw.githubusercontent.com/ClearProxy/checked-proxy-list/refs/heads/main/socks5/raw/all.txt
72.195.101.99,4145,socks5,https://raw.githubusercontent.com/ClearProxy/checked-proxy-list/refs/heads/main/socks5/raw/all.txt
72.195.114.169,4145,socks5,https://raw.githubusercontent.com/TheSpeedX/PROXY-List/master/socks5.txt
72.195.114.184,4145,socks5,https://raw.githubusercontent.com/TheSpeedX/PROXY-List/master/socks5.txt
72.195.34.35,27360,socks5,https://raw.githubusercontent.com/TheSpeedX/PROXY-List/master/socks5.txt
72.195.34.41,4145,socks5,https://raw.githubusercontent.com/TheSpeedX/PROXY-List/master/socks5.txt
72.195.34.42,4145,socks5,https://raw.githubusercontent.com/TheSpeedX/PROXY-List/master/socks5.txt
72.195.34.58,4145,socks5,https://raw.githubusercontent.com/TheSpeedX/PROXY-List/master/socks5.txt
72.195.34.59,4145,socks5,https://raw.githubusercontent.com/TheSpeedX/PROXY-List/master/socks5.txt
72.195.34.60,27391,socks5,https://raw.githubusercontent.com/TheSpeedX/PROXY-List/master/socks5.txt
72.205.0.67,4145,socks5,https://raw.githubusercontent.com/ClearProxy/checked-proxy-list/refs/heads/main/socks5/raw/all.txt
72.205.0.93,4145,socks5,https://raw.githubusercontent.com/ClearProxy/checked-proxy-list/refs/heads/main/socks5/raw/all.txt
72.206.74.126,4145,socks5,https://raw.githubusercontent.com/ClearProxy/checked-proxy-list/refs/heads/main/socks5/raw/all.txt
72.207.109.5,4145,socks5,https://raw.githubusercontent.com/ClearProxy/checked-proxy-list/refs/heads/main/socks5/raw/all.txt
72.207.113.97,4145,socks5,https://raw.githubusercontent.com/ClearProxy/checked-proxy-list/refs/heads/main/socks5/raw/all.txt
72.207.33.64,4145,socks5,https://raw.githubusercontent.com/ClearProxy/checked-proxy-list/refs/heads/main/socks5/raw/all.txt
72.211.46.124,4145,socks5,https://raw.githubusercontent.com/ClearProxy/checked-proxy-list/refs/heads/main/socks5/raw/all.txt
72.211.46.99,4145,socks5,https://raw.githubusercontent.com/ClearProxy/checked-proxy-list/refs/heads/main/socks5/raw/all.txt
72.214.108.67,4145,socks5,https://raw.githubusercontent.com/ClearProxy/checked-proxy-list/refs/heads/main/socks5/raw/all.txt
72.223.188.67,4145,socks5,https://raw.githubusercontent.com/ClearProxy/checked-proxy-list/refs/heads/main/socks5/raw/all.txt
72.37.216.68,4145,socks5,https://raw.githubusercontent.com/TheSpeedX/PROXY-List/master/socks5.txt
72.37.217.3,4145,socks5,https://raw.githubusercontent.com/vakhov/fresh-proxy-list/master/socks5.txt
74.119.144.60,4145,socks5,https://raw.githubusercontent.com/TheSpeedX/PROXY-List/master/socks5.txt
74.119.147.209,4145,socks5,https://raw.githubusercontent.com/TheSpeedX/PROXY-List/master/socks5.txt
78.12.220.164,10800,socks5,https://raw.githubusercontent.com/ErcinDedeoglu/proxies/main/proxies/socks5.txt
78.12.249.123,477,socks5,https://raw.githubusercontent.com/ErcinDedeoglu/proxies/main/proxies/socks5.txt
78.13.74.125,9084,socks5,https://raw.githubusercontent.com/ErcinDedeoglu/proxies/main/proxies/socks5.txt
8.215.47.191,10080,socks5,https://raw.githubusercontent.com/TheSpeedX/PROXY-List/master/socks5.txt
85.143.254.38,1080,socks5,https://raw.githubusercontent.com/TheSpeedX/PROXY-List/master/socks5.txt
87.117.11.57,1080,socks5,https://raw.githubusercontent.com/ErcinDedeoglu/proxies/main/proxies/socks5.txt
94.74.91.27,1081,socks5,https://raw.githubusercontent.com/ClearProxy/checked-proxy-list/refs/heads/main/socks5/raw/all.txt
95.40.79.184,31335,socks5,https://raw.githubusercontent.com/ErcinDedeoglu/proxies/main/proxies/socks5.txt
98.170.57.231,4145,socks5,https://raw.githubusercontent.com/TheSpeedX/PROXY-List/master/socks5.txt
98.170.57.241,4145,socks5,https://raw.githubusercontent.com/ClearProxy/checked-proxy-list/refs/heads/main/socks5/raw/all.txt
98.170.57.249,4145,socks5,https://raw.githubusercontent.com/TheSpeedX/PROXY-List/master/socks5.txt
98.175.31.195,4145,socks5,https://raw.githubusercontent.com/TheSpeedX/PROXY-List/master/socks5.txt
98.175.31.222,4145,socks5,https://raw.githubusercontent.com/ClearProxy/checked-proxy-list/refs/heads/main/socks5/raw/all.txt
98.178.72.21,10919,socks5,https://raw.githubusercontent.com/TheSpeedX/PROXY-List/master/socks5.txt
98.178.72.30,4145,socks5,https://raw.githubusercontent.com/ClearProxy/checked-proxy-list/refs/heads/main/socks5/raw/all.txt
98.181.137.80,4145,socks5,https://raw.githubusercontent.com/TheSpeedX/PROXY-List/master/socks5.txt
98.181.137.83,4145,socks5,https://raw.githubusercontent.com/TheSpeedX/PROXY-List/master/socks5.txt
98.182.147.97,4145,socks5,https://raw.githubusercontent.com/ClearProxy/checked-proxy-list/refs/heads/main/socks5/raw/all.txt
98.182.171.161,4145,socks5,https://raw.githubusercontent.com/ClearProxy/checked-proxy-list/refs/heads/main/socks5/raw/all.txt
98.188.47.132,4145,socks5,https://raw.githubusercontent.com/TheSpeedX/PROXY-List/master/socks5.txt
98.188.47.150,4145,socks5,https://raw.githubusercontent.com/TheSpeedX/PROXY-List/master/socks5.txt
98.190.239.3,4145,socks5,https://raw.githubusercontent.com/ClearProxy/checked-proxy-list/refs/heads/main/socks5/raw/all.txt
98.191.0.37,4145,socks5,https://raw.githubusercontent.com/ClearProxy/checked-proxy-list/refs/heads/main/socks5/raw/all.txt
98.191.0.47,4145,socks5,https://raw.githubusercontent.com/ClearProxy/checked-proxy-list/refs/heads/main/socks5/raw/all.txt
